keys,en,ro
CONTENT_BOSS_SIGIL_NAME,Boss Sigil,Sigiliul Șefului
CONTENT_BOSS_SIGIL_DESCRIPTION,A sealed mark. The doors that want one will not argue once you hold it.,Un semn sigilat. Ușile care îl cer nu se vor împotrivi când îl porți.
CONTENT_BERSERKER_NAME,Berserker,Berserker
CONTENT_BERSERKER_DESCRIPTION,Heavy hitter who trades defense for raw damage.,Luptător puternic care renunță la apărare pentru daune brute.
CONTENT_HERALD_NAME,Herald,Crainic
CONTENT_HERALD_DESCRIPTION,"Carries what the deep places carry, and lets it spread.",Poartă darurile adâncurilor și le lasă să se răspândească.
CONTENT_HUNTER_NAME,Hunter,Vânător
CONTENT_HUNTER_DESCRIPTION,Keeps the distance a bow was made for, and makes every opening count.,Păstrează distanța pentru care a fost făurit arcul și valorifică fiecare deschidere.
CONTENT_KNIGHT_NAME,Knight,Cavaler
CONTENT_KNIGHT_DESCRIPTION,Balanced frontline fighter with sturdy armor.,Luptător echilibrat de pe linia întâi, protejat de o armură trainică.
CONTENT_ROGUE_NAME,Rogue,Nelegiuit
CONTENT_ROGUE_DESCRIPTION,Fast striker favoring daggers and critical hits.,Atacator rapid, priceput la pumnale și lovituri critice.
CONTENT_SCHOLAR_NAME,Scholar,Arcanist
CONTENT_SCHOLAR_DESCRIPTION,Arcane caster wielding staves and ranged focus.,Vrăjitor arcanic care mânuiește toiaguri și puteri de la distanță.
CONTENT_SENTINEL_NAME,Sentinel,Santinela
CONTENT_SENTINEL_DESCRIPTION,Defensive spearman with high poise and block skill.,Luptător defensiv cu suliță, echilibru de nezdruncinat și măiestrie la blocaj.
CONTENT_ALCHEMISTS_FIRE_NAME,Alchemist's Fire,Focul Alchimistului
CONTENT_ALCHEMISTS_FIRE_DESCRIPTION,The recipe was kept in one head and that head is not available for questions.,Rețeta a rămas într-un singur cap, iar acel cap nu mai poate răspunde la întrebări.
CONTENT_ANTIDOTE_NAME,Antidote,Antidot
CONTENT_ANTIDOTE_DESCRIPTION,"Bitter, and worth it. Clears whatever is currently working on you.",Amar, dar merită. Înlătură orice efect care te macină acum.
CONTENT_BLOODSTAUNCH_NAME,Bloodstaunch,Opritor de Sânge
CONTENT_BLOODSTAUNCH_DESCRIPTION,"Moss packed in a twist of linen. Field medicine, from a field that lost.",Mușchi învelit într-o fâșie de in. Leac de pe câmpul unei bătălii pierdute.
CONTENT_CALTROPS_NAME,Caltrops,Țepușe
CONTENT_CALTROPS_DESCRIPTION,"Scattered behind you, and remembered too late by whoever follows.",Împrăștiate în urmă, sunt zărite prea târziu de cei care te urmăresc.
CONTENT_ELIXIR_CLARITY_NAME,Elixir of Clarity,Elixirul Clarității
CONTENT_ELIXIR_CLARITY_DESCRIPTION,"Distilled in the cathedral cellars, for readers who worked past the last candle.",Distilat în pivnițele catedralei pentru cei care au citit până s-a stins ultima lumânare.
CONTENT_ELIXIR_FOCUS_NAME,Elixir of Focus,Elixirul Concentrării
CONTENT_ELIXIR_FOCUS_DESCRIPTION,"Narrows the world to the width of an arm's reach. Everything outside that stops mattering.",Îngustează lumea până la bătaia brațului. Tot ce rămâne în afară nu mai contează.
CONTENT_ELIXIR_IRON_SKIN_NAME,Elixir of Iron Skin,Elixirul Pielii de Fier
CONTENT_ELIXIR_IRON_SKIN_DESCRIPTION,"Thick and grey and difficult to swallow, which is said to be the point.",Gros, cenușiu și greu de înghițit — tocmai acesta ar fi rostul.
CONTENT_ELIXIR_MIGHT_NAME,Elixir Might,Elixirul Puterii
CONTENT_ELIXIR_MIGHT_DESCRIPTION,"A burning draught — muscles answer before the mind protests.",O băutură arzătoare — mușchii răspund înainte ca mintea să se împotrivească.
CONTENT_ELIXIR_SWIFTNESS_NAME,Elixir of Swiftness,Elixirul Iuțelii
CONTENT_ELIXIR_SWIFTNESS_DESCRIPTION,"The taste does not last. Neither does the effect. Both are remembered fondly.",Nici gustul, nici efectul nu dăinuie. Amândouă sunt totuși amintite cu drag.
CONTENT_ELIXIR_VIGOR_NAME,Elixir Vigor,Elixirul Vigorii
CONTENT_ELIXIR_VIGOR_DESCRIPTION,"Thick red elixir that knits fatigue faster than reason allows.",Elixir roșu și dens, care alungă oboseala mai repede decât ar îngădui rațiunea.
CONTENT_ELIXIR_WARDING_NAME,Elixir of Warding,Elixirul Protecției
CONTENT_ELIXIR_WARDING_DESCRIPTION,"Poured over the tongue rather than drunk. The distinction was insisted upon.",Se toarnă pe limbă, nu se bea. S-a ținut să se facă această deosebire.
CONTENT_ESCAPE_STONE_NAME,Escape Stone,Piatra Evadării
CONTENT_ESCAPE_STONE_DESCRIPTION,"Ends the descent on your terms. Whatever you are carrying comes back with you.",Încheie coborârea după voia ta. Tot ce porți se întoarce împreună cu tine.
CONTENT_EVERBURNING_TORCH_NAME,Everburning Torch,Torța Veșnic Aprinsă
CONTENT_EVERBURNING_TORCH_DESCRIPTION,"It has never gone out. That is the whole of what is known about it.",Nu s-a stins niciodată. Atât se știe despre ea.
CONTENT_FIREBOMB_NAME,Firebomb,Bombă Incendiară
CONTENT_FIREBOMB_DESCRIPTION,"Pitch in a clay shell. Lobbed at range, not underfoot -- an answer to whoever is shooting back.",Gudron într-o carcasă de lut. Se aruncă de la distanță, nu la picioare — răspuns pentru cei care trag înapoi.
CONTENT_FLASK_ASHEN_MEASURE_NAME,Ashen Measure,Măsura Cenușie
CONTENT_FLASK_ASHEN_MEASURE_DESCRIPTION,"Measured out by the spoonful, by someone who expected to need it later.",Dozată cu lingurița de cineva care se aștepta să aibă nevoie de ea mai târziu.
CONTENT_FLASK_DEEP_DRAUGHT_NAME,Deep Draught,Băutura Adâncului
CONTENT_FLASK_DEEP_DRAUGHT_DESCRIPTION,"Drawn from the well beneath the chapel, where the rope runs out before the water does.",Scoasă din fântâna de sub capelă, unde frânghia se termină înaintea apei.
CONTENT_FLASK_DREGS_NAME,Flask Dregs,Drojdia Ploscii
CONTENT_FLASK_DREGS_DESCRIPTION,What settles at the bottom of somebody else's flask. It still counts.,Ce se așază pe fundul ploscii altcuiva. Tot își face efectul.
CONTENT_FROST_FLASK_NAME,Frost Flask,Plosca Înghețului
CONTENT_FROST_FLASK_DESCRIPTION,"Cold enough that the glass is the part you have to be careful with.",Atât de rece încât sticla e partea de care trebuie să te ferești.
CONTENT_GREATER_HEALTH_POTION_NAME,Greater Health Potion,Poțiune Superioară de Viață
CONTENT_GREATER_HEALTH_POTION_DESCRIPTION,"Twice the measure, at rather more than twice the price.",Porție dublă, la un preț ceva mai mult decât dublu.
CONTENT_GREATER_MANA_POTION_NAME,Greater Mana Potion,Poțiune Superioară de Mană
CONTENT_GREATER_MANA_POTION_DESCRIPTION,"Kept in a leaded bottle, because the ordinary kind does not hold it.",Păstrată într-o sticlă căptușită cu plumb, fiindcă una obișnuită n-ar ține-o.
CONTENT_GREATER_STAMINA_POTION_NAME,Greater Stamina Potion,Poțiune Superioară de Anduranță
CONTENT_GREATER_STAMINA_POTION_DESCRIPTION,"Drunk between rooms, by people who have learned to count doors.",Băută între încăperi de cei care au învățat să numere ușile.
CONTENT_HEALTH_POTION_NAME,Health Potion,Poțiune de Viață
CONTENT_HEALTH_POTION_DESCRIPTION,Restores a small amount of health.,Redă o cantitate mică de viață.
CONTENT_HOMEWARD_BONE_NAME,Homeward Bone,Osul Întoarcerii
CONTENT_HOMEWARD_BONE_DESCRIPTION,"A finger bone, filed smooth by the thumb of whoever carried it last.",Un os de deget, netezit de degetul mare al celui care l-a purtat ultima oară.
CONTENT_HUNTERS_LURE_NAME,Hunter's Lure,Momeala Vânătorului
CONTENT_HUNTERS_LURE_DESCRIPTION,"A knuckle-bone whistle. Thrown past a line, it pulls attention to wherever it lands.",Un fluier din os de deget. Aruncat dincolo de linie, atrage atenția spre locul unde cade.
CONTENT_MANA_POTION_NAME,Mana Potion,Poțiune de Mană
CONTENT_MANA_POTION_DESCRIPTION,"Azure distillate that quickens thought, if not courage.",Distilat azuriu care iuțește gândul, dacă nu și curajul.
CONTENT_SEEKERS_LANTERN_NAME,Seeker's Lantern,Felinarul Căutătorului
CONTENT_SEEKERS_LANTERN_DESCRIPTION,"The flame leans toward whatever is hidden, and away from whoever is holding it.",Flacăra se apleacă spre ceea ce e ascuns și se ferește de cel care o ține.
CONTENT_SKIP_100_FLOORS_NAME,Umbral Skip (100),Salt Umbral (100)
CONTENT_SKIP_100_FLOORS_DESCRIPTION,Start an Umbral Endless run at floor 101.,Începe o coborâre nesfârșită umbrală de la etajul 101.
CONTENT_SKIP_10_FLOORS_NAME,Umbral Skip (10),Salt Umbral (10)
CONTENT_SKIP_10_FLOORS_DESCRIPTION,Start an Umbral Endless run at floor 11.,Începe o coborâre nesfârșită umbrală de la etajul 11.
CONTENT_SKIP_250_FLOORS_NAME,Umbral Skip (250),Salt Umbral (250)
CONTENT_SKIP_250_FLOORS_DESCRIPTION,Start an Umbral Endless run at floor 251.,Începe o coborâre nesfârșită umbrală de la etajul 251.
CONTENT_SKIP_500_FLOORS_NAME,Umbral Skip (500),Salt Umbral (500)
CONTENT_SKIP_500_FLOORS_DESCRIPTION,Start an Umbral Endless run at floor 501.,Începe o coborâre nesfârșită umbrală de la etajul 501.
CONTENT_SKIP_50_FLOORS_NAME,Umbral Skip (50),Salt Umbral (50)
CONTENT_SKIP_50_FLOORS_DESCRIPTION,Start an Umbral Endless run at floor 51.,Începe o coborâre nesfârșită umbrală de la etajul 51.
CONTENT_STAMINA_POTION_NAME,Stamina Potion,Poțiune de Anduranță
CONTENT_STAMINA_POTION_DESCRIPTION,"Bitter tonic that loans strength the body was about to refuse.",Tonic amar care împrumută puterea la care trupul era gata să renunțe.
CONTENT_THUNDER_STONE_NAME,Thunder Stone,Piatra Tunetului
CONTENT_THUNDER_STONE_DESCRIPTION,"Struck against the floor. The noise arrives before the decision to use it does.",Izbită de podea. Zgomotul ajunge înaintea hotărârii de a o folosi.
CONTENT_VENOM_POT_NAME,Venom Pot,Vasul cu Venin
CONTENT_VENOM_POT_DESCRIPTION,"Fen-brewed. The seal is wax and the wax is not reliable -- thrown before it lets go on its own.",Fiert în mlaștină. Sigiliul e din ceară și nu-i de încredere — aruncă vasul înainte să cedeze singur.
CONTENT_WHETSTONE_ARCANE_NAME,Arcane Whetstone,Piatra de Ascuțit Arcană
CONTENT_WHETSTONE_ARCANE_DESCRIPTION,"It sharpens nothing. The blade cuts better regardless, which nobody has explained.",Nu ascute nimic. Lama taie totuși mai bine, iar nimeni n-a lămurit de ce.
CONTENT_WHETSTONE_EMBER_NAME,Ember Whetstone,Piatra de Ascuțit Jăratică
CONTENT_WHETSTONE_EMBER_DESCRIPTION,"Draw it once along the edge. The heat stays in the steel longer than in the stone.",Treci o dată cu ea de-a lungul tăișului. Oțelul păstrează căldura mai mult decât piatra.
CONTENT_WHETSTONE_RIME_NAME,Rime Whetstone,Piatra de Ascuțit Brumată
CONTENT_WHETSTONE_RIME_DESCRIPTION,"Cold to hold. The edge frosts over between strokes.",Rece la atingere. Tăișul prinde brumă între lovituri.
CONTENT_WHETSTONE_VENOM_NAME,Venom Whetstone,Piatra de Ascuțit cu Venin
CONTENT_WHETSTONE_VENOM_DESCRIPTION,"Handled with a rag. The rag is thrown away afterward.",Se mânuiește cu o cârpă. Cârpa se aruncă după aceea.
CONTENT_ARCANE_CATALYST_NAME,Arcane Catalyst,Catalizator Arcan
CONTENT_ARCANE_CATALYST_DESCRIPTION,The jar is unmarked. The contents object to being described.,Borcanul nu are niciun semn. Conținutul nu vrea să fie descris.
CONTENT_ARCANE_DUST_NAME,Arcane Dust,Praf Arcan
CONTENT_ARCANE_DUST_DESCRIPTION,Residual arcane powder.,Pulbere arcană rămasă.
CONTENT_AUMBRAL_TEAR_NAME,Aumbral Tear,Lacrima Umbrală
CONTENT_AUMBRAL_TEAR_DESCRIPTION,"It does not evaporate and it does not freeze. It waits.",Nu se evaporă și nu îngheață. Așteaptă.
CONTENT_BINDING_THREAD_NAME,Binding Thread,Fir de Legare
CONTENT_BINDING_THREAD_DESCRIPTION,Spun from something that was already spun once.,Tors din ceva ce fusese deja tors o dată.
CONTENT_BLOOD_RELIC_STONE_NAME,Blood Relic Stone,Piatra Relicvei Sângelui
CONTENT_BLOOD_RELIC_STONE_DESCRIPTION,A bloodstone that awakens a run relic.,O piatră însângerată care trezește o relicvă de coborâre.
CONTENT_BLOODLUST_CHARM_NAME,Bloodlust Charm,Amuletă a Setei de Sânge
CONTENT_BLOODLUST_CHARM_DESCRIPTION,A crimson charm that awakens Bloodlust.,O amuletă stacojie care trezește Setea de Sânge.
CONTENT_BOG_RESIN_NAME,Bog Resin,Rășină de Mlaștină
CONTENT_BOG_RESIN_DESCRIPTION,"Amber-dark and slow. Something small is suspended in the middle of it.",Întunecată ca chihlimbarul și vâscoasă. Ceva mic plutește în mijlocul ei.
CONTENT_CHAPEL_WAX_NAME,Chapel Wax,Ceară de Capelă
CONTENT_CHAPEL_WAX_DESCRIPTION,Poured off the candle stubs at the end of a service that ran late.,Scursă din mucurile lumânărilor după o slujbă care s-a prelungit.
CONTENT_CINDER_DUST_NAME,Cinder Dust,Praf de Jăratic
CONTENT_CINDER_DUST_DESCRIPTION,What a common thing becomes when the forge takes it back.,În asta se preschimbă un lucru obișnuit când îl revendică forja.
CONTENT_CRACKED_LODESTONE_NAME,Cracked Lodestone,Magnetită Crăpată
CONTENT_CRACKED_LODESTONE_DESCRIPTION,"It still points. It points at the floor.",Încă arată o direcție. Arată spre podea.
CONTENT_DUNGEON_KEY_NAME,Dungeon Key,Cheie de Temniță
CONTENT_DUNGEON_KEY_DESCRIPTION,Opens a locked door on this floor. Use near the door (E).,Deschide o ușă încuiată de pe acest etaj. Folosește-o lângă ușă (E).
CONTENT_EMBER_CATALYST_NAME,Ember Catalyst,Catalizator de Jăratic
CONTENT_EMBER_CATALYST_DESCRIPTION,Fire that has been persuaded to stay in one place.,Foc înduplecat să rămână într-un singur loc.
CONTENT_FLAME_RELIC_CORE_NAME,Flame Relic Core,Nucleu de Relicvă a Flăcării
CONTENT_FLAME_RELIC_CORE_DESCRIPTION,Warm embers that awaken a run relic.,Jăratic cald care trezește o relicvă de coborâre.
CONTENT_FROST_CRYSTAL_NAME,Frost Crystal,Cristal de Ger
CONTENT_FROST_CRYSTAL_DESCRIPTION,A shard of eternal ice.,O așchie de gheață veșnică.
CONTENT_FROST_RELIC_SHARD_NAME,Frost Relic Shard,Așchie de Relicvă Înghețată
CONTENT_FROST_RELIC_SHARD_DESCRIPTION,A frozen shard that awakens a run relic.,O așchie înghețată care trezește o relicvă de coborâre.
CONTENT_GLIMMER_ASH_NAME,Glimmer Ash,Cenușă Sclipitoare
CONTENT_GLIMMER_ASH_DESCRIPTION,It catches light that is not in the room.,Prinde o lumină care nu se află în încăpere.
CONTENT_GRAYSTEEL_INGOT_NAME,Graysteel Ingot,Lingou de Oțel-Cenușiu
CONTENT_GRAYSTEEL_INGOT_DESCRIPTION,Stamped with a vault mark and a number nobody kept the ledger for.,Marcat cu sigiliul seifului și un număr pe care nimeni nu l-a trecut în registru.
CONTENT_HARDENING_QUENCH_NAME,Hardening Quench,Baie de Călire
CONTENT_HARDENING_QUENCH_DESCRIPTION,Water from under the fortress. It has been cold for a very long time.,Apă de sub fortăreață. E rece de foarte multă vreme.
CONTENT_HOARFROST_SHARD_NAME,Hoarfrost Shard,Așchie de Chiciură
CONTENT_HOARFROST_SHARD_DESCRIPTION,"It does not melt in the hand. It does not warm, either.",Nu se topește în palmă. Nici nu se încălzește.
CONTENT_IRON_SCRAP_NAME,Iron Scrap,Fier Recuperat
CONTENT_IRON_SCRAP_DESCRIPTION,Salvaged iron from the courtyard.,Fier recuperat din curtea castelului.
CONTENT_KNIGHT_RELIC_NAME,Knight's Relic,Relicva Cavalerului
CONTENT_KNIGHT_RELIC_DESCRIPTION,A rare relic from the secret vault.,O relicvă rară din seiful ascuns.
CONTENT_MIREBRASS_DROSS_NAME,Mirebrass Dross,Zgură de Alamă a Mlaștinii
CONTENT_MIREBRASS_DROSS_DESCRIPTION,"Green residue, scraped from the crucible with a flat blade.",Reziduu verzui, răzuit din creuzet cu o lamă lată.
CONTENT_PITIRON_SLAG_NAME,Pit-Iron Slag,Zgură de Fier de Mină
CONTENT_PITIRON_SLAG_DESCRIPTION,Skimmed off the top and never thrown away.,Culeasă de la suprafață și niciodată aruncată.
CONTENT_POISON_RELIC_VIAL_NAME,Poison Relic Vial,Fiolă de Relicvă Otrăvită
CONTENT_POISON_RELIC_VIAL_DESCRIPTION,A toxic vial that awakens a run relic.,O fiolă toxică ce trezește o relicvă de coborâre.
CONTENT_REFORGING_STONE_NAME,Reforging Stone,Piatra Reforjării
CONTENT_REFORGING_STONE_DESCRIPTION,Worn concave by use. Every stroke takes something out and puts nothing back.,Scobită de atâta folosire. Fiecare trecere ia ceva și nu pune nimic înapoi.
CONTENT_RELIQUARY_GILT_NAME,Reliquary Gilt,Foiță de Aur din Relicvariu
CONTENT_RELIQUARY_GILT_DESCRIPTION,Gold leaf lifted from a case that held something else.,Foiță de aur desprinsă dintr-o casetă care păstra cândva altceva.
CONTENT_RIME_CATALYST_NAME,Rime Catalyst,Catalizator de Brumă
CONTENT_RIME_CATALYST_DESCRIPTION,Cold that has been persuaded of the same thing.,Frig convins să facă același lucru.
CONTENT_SABLE_GRAIN_NAME,Sable Grain,Granule Negre
CONTENT_SABLE_GRAIN_DESCRIPTION,"Coarse and black, and heavier than it looks by a noticeable margin.",Aspru și negru, mult mai greu decât pare.
CONTENT_SHADOW_ESSENCE_NAME,Umbral Essence,Esență Umbrală
CONTENT_SHADOW_ESSENCE_DESCRIPTION,Umbral drawn out of the cathedral depths and pressed until it held a shape.,Umbră scoasă din adâncurile catedralei și presată până a prins formă.
CONTENT_SHADOW_RELIC_VEIL_NAME,Umbral Relic Veil,Văl de Relicvă Umbrală
CONTENT_SHADOW_RELIC_VEIL_DESCRIPTION,A dark veil that awakens a run relic.,Un văl întunecat care trezește o relicvă de coborâre.
CONTENT_SPELLGLASS_SLIVER_NAME,Spellglass Sliver,Așchie de Sticlă Vrăjită
CONTENT_SPELLGLASS_SLIVER_DESCRIPTION,"Sharp on every plane. There is no safe way to hold it.",Ascuțită în toate direcțiile. Nu există un fel sigur de a o ține.
CONTENT_STONE_RELIC_HEART_NAME,Stone Relic Heart,Inimă de Relicvă din Piatră
CONTENT_STONE_RELIC_HEART_DESCRIPTION,A stone heart that awakens a run relic.,O inimă de piatră care trezește o relicvă de coborâre.
CONTENT_STORM_CATALYST_NAME,Storm Catalyst,Catalizator de Furtună
CONTENT_STORM_CATALYST_DESCRIPTION,It stands the hair up on the arm holding it.,Ridică părul de pe brațul care o ține.
CONTENT_STORM_SALT_NAME,Storm Salt,Sare de Furtună
CONTENT_STORM_SALT_DESCRIPTION,"Gathered where lightning met stone. It hums against the jar.",Adunată acolo unde fulgerul a lovit piatra. Zumzăie în borcan.
CONTENT_SUN_RELIC_MEDALLION_NAME,Sun Relic Medallion,Medalion de Relicvă Solară
CONTENT_SUN_RELIC_MEDALLION_DESCRIPTION,A radiant medallion that awakens a run relic.,Un medalion strălucitor care trezește o relicvă de coborâre.
CONTENT_SWIFT_STEP_CHARM_NAME,Swift Step Charm,Amuletă a Pasului Iute
CONTENT_SWIFT_STEP_CHARM_DESCRIPTION,A light charm that awakens Swift Step.,O amuletă ușoară care trezește Pasul Iute.
CONTENT_TRANSMUTATION_SEAL_NAME,Transmutation Seal,Sigiliu de Transmutație
CONTENT_TRANSMUTATION_SEAL_DESCRIPTION,"Pressed into wax, once, by a hand that then broke the die.",Apăsat o singură dată în ceară de o mână care apoi a sfărâmat matrița.
CONTENT_VAULT_SEALING_WAX_NAME,Vault Sealing Wax,Ceară de Sigilat Seiful
CONTENT_VAULT_SEALING_WAX_DESCRIPTION,"Red, brittle, and stamped with an office that no longer exists.",Roșie, casantă și ștampilată cu pecetea unei dregătorii care nu mai există.
CONTENT_VENOM_CATALYST_NAME,Venom Catalyst,Catalizator de Venin
CONTENT_VENOM_CATALYST_DESCRIPTION,"Sealed twice, because once was found to be optimistic.",Sigilat de două ori, fiindcă o singură pecete s-a dovedit prea optimistă.
CONTENT_WAVES_TORCH_NAME,Pitch Torch,Torță cu Smoală
CONTENT_WAVES_TORCH_DESCRIPTION,"Bound in oiled rag and still heavy with pitch. The Outskirts hold nothing back once it is burning, and nothing comes at all until it is.",Înfășurată în cârpă unsă și încă grea de smoală. Odată aprinsă, Ținuturile de Margine nu se zgârcesc cu nimic — iar până atunci nu vine nimic.
CONTENT_WHETTING_OIL_NAME,Whetting Oil,Ulei de Ascuțire
CONTENT_WHETTING_OIL_DESCRIPTION,"Pressed from swamp seed. It keeps rust off and keeps nothing else.",Stors din semințe de mlaștină. Ține rugina la distanță și atât.
CONTENT_WIND_RELIC_CHARM_NAME,Wind Relic Charm,Amuletă de Relicvă a Vântului
CONTENT_WIND_RELIC_CHARM_DESCRIPTION,A wind charm that awakens a run relic.,O amuletă a vântului care trezește o relicvă de coborâre.
CONTENT_AUDIT_STACK_ONE,{count} sigil,{count} sigiliu
CONTENT_AUDIT_STACK_OTHER,{count} sigils,{count} sigilii
BOSS_DOOR_ENTER_ARENA,Enter the arena,Intră în arenă
BOSS_DOOR_RETURN_SEALED,The way back is sealed,Calea înapoi este sigilată
BOSS_DOOR_FIND_SIGIL,Sealed — find the Boss Sigil,Sigilat — găsește Sigiliul Șefului
BOSS_DOOR_OPEN_LOCKS,Sealed — open every lock on this floor,Sigilat — deschide fiecare încuietoare de pe acest etaj
BOSS_CANNON_FIRED,Cannon fired!,Tunul a tras!
BOSS_CANNON_LOAD,Load crystals ({loaded}/{required}),Încarcă cristale ({loaded}/{required})
BOSS_CANNON_FIRE,Fire cannon,Trage cu tunul
XP_SHARD_XP_GOLD,Umbral shard (+{xp} XP, {gold} gold),Fragment umbral (+{xp} XP, {gold} aur)
XP_SHARD_XP,Umbral shard (+{xp} XP),Fragment umbral (+{xp} XP)
COMBAT_TWO_HANDED,Two-handed,Cu două mâini
LORE_JOURNAL_EMPTY,No inscriptions have been recorded.,Nu a fost consemnată nicio inscripție.
STAIR_RISK_COMPARISON,Current {current_hp}x HP / {current_damage}x damage · Next {next_hp}x HP / {next_damage}x damage,Acum {current_hp}x viață / {current_damage}x daune · Următorul {next_hp}x viață / {next_damage}x daune
INV_TITLE_STASH,Stash,Depozit
INV_TITLE_WAVES_STASH,Waves Stash,Depozit valuri
INV_TITLE_CHARACTER,Character,Personaj
INV_SEARCH_PLACEHOLDER,Search...,Căutare...
INV_NO_RESULTS,No matching items.,Niciun obiect potrivit.
INV_BTN_EQUIP,Equip,Echipează
INV_BTN_UNEQUIP,Unequip,Dezechipează
INV_BTN_USE,Use,Folosește
INV_BTN_DROP,Drop,Aruncă
INV_BTN_SELL,Sell,Vinde
PROMPT_PRESS,Press %s,Apasă %s
INV_BTN_BIND,Bind %d,Asociază %d
INV_FILTER_ROW,%s: %s   %s: %s   %s: %s,%s: %s   %s: %s   %s: %s
INV_SORT,Sort,Sortare
INV_TYPE,Type,Tip
INV_RARITY,Rarity,Raritate
INV_EMPTY_SLOT,Empty %s slot,Slot %s gol
INV_HINT_UNEQUIP,Unequip,Dezechipează
INV_HINT_EQUIP,Equip,Echipează
INV_HINT_USE,Use,Folosește
INV_HINT_MOVE,Move,Mută
INV_VS_EQUIPPED,vs equipped: %s,vs echipat: %s
MAP_TITLE,Map,Hartă
MAP_HINT,Click a visited room to pin or unpin · Scroll to zoom · Middle-drag to pan · Esc to close,Atinge o cameră vizitată pentru a fixa sau elimina marcajul · Rotește pentru zoom · Trage cu mijlocul pentru panoramare · Esc pentru închidere
MAP_LEGEND_COMBAT,Combat,Luptă
MAP_LEGEND_TREASURE,Treasure,Comoară
MAP_LEGEND_SHOP,Shop,Magazin
MAP_LEGEND_KEY,Key,Cheie
MAP_LEGEND_BOSS,Boss,Șef
MAP_LEGEND_ENTRANCE,Entrance,Intrare
MAP_LEGEND_STAIRS,Stairs,Scări
UI_PAUSE,Paused,Pauză
UI_RESUME,Resume,Continuă
STORY_PREMISE,The Umbral Tower binds fallen wardens as umbrals until the oath is fulfilled.,Turnul Umbral leagă gardienii căzuți ca umbrali până când jurământul este împlinit.
talent.branch.arms,Arms,Arms
talent.branch.guard,Guard,Guard
talent.branch.aptitude,Aptitude,Aptitude
talent.arms_1,Keen Edge,Keen Edge
talent.arms_2,Weight Behind It,Weight Behind It
talent.arms_3,Economy of Motion,Economy of Motion
talent.arms_4,The Gap in the Guard,The Gap in the Guard
talent.arms_5,Break the Stance,Break the Stance
talent.arms_6,Follow Through,Follow Through
talent.guard_1,Old Scars,Old Scars
talent.guard_2,Plated,Plated
talent.guard_3,Set Feet,Set Feet
talent.guard_4,Take It on the Shield,Take It on the Shield
talent.guard_5,Slow to Fall,Slow to Fall
talent.guard_6,Second Wind,Second Wind
talent.apt_1,Second Wind,Al doilea suflu
talent.apt_2,Swift Feet,Picioare iuți
talent.apt_3,Treasure Sense,Simț al comorii
talent.apt_4,Quick Study,Învățare rapidă
talent.apt_5,Midas Touch,Atingerea lui Midas
talent.apt_6,Flow State,Stare de flux
HUD_PARRY,PARRY,PARARE
HUD_RIPOSTE_READY,RIPOSTE,RIPOSTĂ
HUD_LEVEL,Lv %d,Nv %d
HUD_BRANCH_AHEAD,Branch ahead — %s,Ramură în față — %s
HUD_BRANCH_UNCLASSIFIED,%d unmarked route(s),%d rută(rute) nemarcată(e)
HUD_BRANCH_REWARD,%d reward path(s),%d cale(i) recompensă
HUD_BRANCH_DANGER,%d danger path(s),%d cale(i) pericol
HUD_BOSS_FALLBACK,Boss,Șef
CREATE_TITLE,Raise Your Umbral,Ridică-ți Umbralul
CREATE_CLASS_HEADER,Choose Your Class,Alege Clasa
CREATE_NAME_PLACEHOLDER,Warden name (required),Nume gardian (obligatoriu)
CREATE_NAME_ERR_SHORT,Name must be at least 2 characters.,Numele trebuie să aibă cel puțin 2 caractere.
CREATE_NAME_ERR_LONG,Name cannot exceed 18 characters.,Numele nu poate depăși 18 caractere.
CREATE_NAME_ERR_CHARS,Use letters numbers spaces hyphens or apostrophes only.,Folosește doar litere cifre spații cratime sau apostroafe.
CREATE_NAME_ERR_TAKEN,That name is already taken.,Acest nume este deja folosit.
CREATE_NAME_ERR_BLOCKED,That name is not allowed.,Acest nume nu este permis.
CREATE_ROW_ASPECT,Aspect,Aspect
CREATE_ROW_FRAME,Frame,Constitutie
CREATE_ROW_HEAD,Head,Cap
CREATE_ROW_TRIM,Trim,Ornament
CREATE_ROW_SKIN,Skin,Piele
CREATE_ROW_HAIR,Hair,Păr
CREATE_ROW_HAIR_COLOR,Hair colour,Culoarea parului
CREATE_ROW_FACE,Face,Față
CREATE_RANDOMIZE,Randomize,Aleator
CREATE_RANDOM_NAME,Suggest Name,Sugerează Nume
CREATE_BACK,Back,Înapoi
CREATE_BEGIN,Begin,Începe
CREATE_STARTING_WEAPON,Starting weapon: %s,Armă inițială: %s
CREATE_WEAPON_FAMILIES,Fights with: %s,Luptă cu: %s
CREATE_PERK,Perk — %s: %s,Avantaj — %s: %s
CREATE_NO_CLASSES,No classes are available.,Nicio clasă disponibilă.
CREATE_CONFIRM_TITLE,Begin as Warden?,Începi ca Gardian?
CREATE_CONFIRM_MESSAGE,Begin as %s warden %s?,Începi ca gardian %s %s?
CREATE_STAT_HEALTH,Health,Viață
CREATE_STAT_ARMOR,Armor,Armură
CREATE_STAT_SPEED,Speed,Viteză
CREATE_STAT_POISE,Poise,Echilibru
CREATE_STAT_STAMINA,Stamina,Rezistență
STAT_CRIT,Crit Chance,Șansă critică
STAT_DAMAGE,Damage,Daune
STAT_POISE_DMG,Poise Damage,Daune echilibru
STAT_STAMINA_REGEN,Stamina Regen,Regenerare rezistență
STAT_BLOCK,Block Reduction,Reducere blocare
ASPECT_CASTLE_IRON,Iron Oath,Jurământ de Fier
ASPECT_CASTLE_IRON_DESC,Castle-forged plate and oathbound steel.,Platoșă făurită în castel și oțel legat prin jurământ.
ASPECT_CRYSTAL_FROST,Cold Facet,Fațetă Rece
ASPECT_CRYSTAL_FROST_DESC,Light caught in a stone that was never warm.,Lumină prinsă într-o piatră care n-a fost niciodată caldă.
ASPECT_UMBRAL_VOID,Umbral Void,Vidul Umbrei
ASPECT_UMBRAL_VOID_DESC,What the chapel wore after the lamps went out.,Ce a purtat capela după ce s-au stins lămpile.
ASPECT_CATHEDRAL_GOLD,Cathedral Gold,Aurul Catedralei
ASPECT_CATHEDRAL_GOLD_DESC,Gilt left on a thing nobody prays to now.,Poleială rămasă pe ceva la care nu se mai roagă nimeni.
ASPECT_SWAMP_WARDEN,Swamp Warden,Străjerul Mlaștinii
ASPECT_SWAMP_WARDEN_DESC,Bile-green and patient. Earned in the standing water.,Verde-fiere și răbdător. Câștigat în apa stătută.
CLASS_ROLE_BERSERKER,Frontline / Damage,Front / Daune
CLASS_PERK_VERB_BLOODRAGE,Rage when hit.,Intra in furie cand esti lovit.
CLASS_PLAYS_LIKE_BERSERKER,"Get hit, hit harder -- a class that wants you reckless.","Fii lovit, loveste mai tare -- o clasa care te vrea nechibzuit."
CLASS_PERK_VERB_CONTAGION,Spread the plague.,Raspandeste molima.
CLASS_PLAYS_LIKE_HERALD,Land one status and watch it jump to everything nearby.,Aplica un singur efect si priveste-l cum se raspandeste.
CLASS_PERK_VERB_KILLING_DISTANCE,Chain kills into power.,Inlantuie uciderile in putere.
CLASS_PLAYS_LIKE_HUNTER,Pick fights at range and let every kill fund the next shot.,Alege luptele de la distanta si lasa fiecare ucidere sa plateasca urmatoarea sageata.
CLASS_PERK_VERB_STEADFAST,Turn blocks into recovery.,Transforma blocajele in recuperare.
CLASS_PLAYS_LIKE_KNIGHT,Plant your feet and out-last anything that hits your shield.,Ramai pe loc si rezista oricarui atac in scut.
CLASS_PERK_VERB_SHADOWSTEP,Steal stamina from the back.,Fura rezistenta pe la spate.
CLASS_PLAYS_LIKE_ROGUE,Circle behind enemies -- every backstab pays for the next one.,Inconjoara inamicii -- fiecare lovitura pe la spate o plateste pe urmatoarea.
CLASS_PERK_VERB_ARCANE_FOCUS,Refund mana on a hit.,Recupereaza mana la o lovitura.
CLASS_PLAYS_LIKE_SCHOLAR,Cast freely -- landing blows keeps the well from running dry.,Arunca vraji liber -- loviturile reusite mentin rezerva plina.
CLASS_PERK_VERB_BULWARK,Turn blocked hits into healing.,Transforma loviturile blocate in vindecare.
CLASS_PLAYS_LIKE_SENTINEL,Stand your ground -- what your shield eats heals you back.,Ramai ferm -- ce absoarbe scutul tau te vindeca.
CLASS_ROLE_KNIGHT,Frontline / Sustain,Front / Rezistență
CLASS_ROLE_ROGUE,Skirmisher / Crit,Hărțuitor / Crit
CLASS_ROLE_SCHOLAR,Support / Stamina,Suport / Rezistență
CLASS_ROLE_SENTINEL,Defender / Poise,Apărător / Echilibru
CLASS_PERK_BLOODRAGE,Bloodrage,Sânge Furios
CLASS_PERK_BLOODRAGE_DESC,Gain momentum as health falls.,Câștigă avânt pe măsură ce viața scade.
CLASS_PERK_STEADFAST,Steadfast,Neclintit
CLASS_PERK_STEADFAST_DESC,Extra armor and health for long fights.,Armură și viață suplimentare pentru lupte lungi.
CLASS_PERK_SHADOWSTEP,Umbralstep,Pas Umbral
CLASS_PERK_SHADOWSTEP_DESC,Move faster and strike from the flank.,Mișcă-te mai repede și lovește din flanc.
CLASS_PERK_ARCANE_FOCUS,Arcane Focus,Focalizare Arcană
CLASS_PERK_ARCANE_FOCUS_DESC,Improved stamina flow for sustained casting.,Flux de rezistență îmbunătățit pentru vrăji susținute.
CLASS_PERK_BULWARK,Bulwark,Zid
CLASS_PERK_BULWARK_DESC,High poise and block mastery.,Echilibru ridicat și măiestrie la blocare.
PAUSE_TITLE,Paused,Pauză
PAUSE_RESUME,Resume,Continuă
PAUSE_SETTINGS,Settings,Setări
PAUSE_ABANDON,Abandon run,Renunță la run
PAUSE_LEAVE_WAVES,Leave waves,Părăsește valurile
PAUSE_RESTART_FLOOR,Restart floor,Repornește etajul
PAUSE_QUIT,Quit run,Părăsește run-ul
PAUSE_ACHIEVEMENTS,Achievements,Realizări
PAUSE_BESTIARY,Bestiary,Bestiar
PAUSE_HINT_RESUME,to resume,ca să continui
PAUSE_INFO_SECTION,Run info,Info run
PAUSE_INFO_MODE,Mode,Mod
PAUSE_INFO_FLOOR,Floor,Etaj
PAUSE_INFO_TIME,Time,Timp
PAUSE_INFO_SEED,Seed,Seed
PAUSE_INFO_OBJECTIVE,Objective,Obiectiv
PAUSE_MODE_HUB,Hub,Hub
PAUSE_MODE_CASTLE,Castle Run,Run castel
PAUSE_MODE_WAVES,Umbral Waves,Valuri umbrale
PAUSE_MODE_ENDLESS,Umbral Endless,Endless umbral
PAUSE_FLOOR_FMT,Floor %d of %d,Etaj %d din %d
PAUSE_WAVE_FMT,Wave %d,Val %d
PAUSE_OBJECTIVE_HUB,Explore the tower,Explorează turnul
PAUSE_OBJECTIVE_WAVES,Survive wave %d,Supraviețuiește valului %d
PAUSE_OBJECTIVE_STAIRS,Reach the stairs,Urcă scările
PAUSE_OBJECTIVE_FINAL_PORTAL,Enter the portal and bring your loot home.,Intră în portal și du prada acasă.
PAUSE_OBJECTIVE_BOSS,Defeat the boss,Învinge șeful
PAUSE_OBJECTIVE_EXPLORE,Explore the floor,Explorează etajul
PAUSE_CONFIRM_ABANDON_TITLE,Abandon Run,Renunță la run
PAUSE_CONFIRM_ABANDON_BODY,Abandon floor %d? %d items and %d gold from this run are lost.,Renunți la etajul %d? %d obiecte și %d aur din acest run se pierd.
PAUSE_CONFIRM_ABANDON_OK,Abandon,Renunță
PAUSE_CONFIRM_ABANDON_CANCEL,Keep Playing,Continuă
PAUSE_CONFIRM_QUIT_TITLE,Quit Run,Părăsește Run-ul
PAUSE_CONFIRM_QUIT_BODY,Leave without saving? This run ends here -- its loot and progress are lost, and there is nothing to continue later.,Pleci fara sa salvezi? Acest run se termina aici -- prada si progresul se pierd si nu vei putea continua mai tarziu.
PAUSE_CONFIRM_QUIT_OK,Quit Run,Părăsește Run-ul
PAUSE_CONFIRM_QUIT_CANCEL,Keep Playing,Continuă
PAUSE_CONFIRM_LEAVE_TITLE,Leave Waves,Părăsește valurile
PAUSE_CONFIRM_LEAVE_BODY,Leave this waves run and return to the hub? Rewards from this attempt may be lost.,Părăsești valurile și revii la hub? Recompensele acestei încercări pot fi pierdute.
PAUSE_CONFIRM_LEAVE_OK,Leave,Părăsește
PAUSE_CONFIRM_LEAVE_CANCEL,Keep Playing,Continuă
PAUSE_CLOUD_SYNCING,Cloud: syncing...,Cloud: sincronizare...
PAUSE_CLOUD_ERROR,Cloud: sync error,Cloud: eroare sincronizare
PAUSE_CLOUD_UPDATE,Cloud: update required,Cloud: actualizare necesară
UI_CONFIRM,Confirm,Confirmă
UI_CANCEL,Cancel,Anulează
STAT_MAX_HEALTH,Health,Viață
STAT_HEALTH_REGEN,Health Regen,Regenerare viață
STAT_EVASION,Evasion,Evaziune
STAT_DEFENSE,Defense,Apărare
STAT_DAMAGE_PERCENT,Damage,Damage
STAT_MOVE_SPEED_PCT,Move Speed,Viteză deplasare
STAT_STAMINA_MAX,Stamina,Stamina
STAT_BONUS_DAMAGE,Attack Damage,Damage atac
STAT_CRIT_CHANCE,Critical Chance,Șansă critică
STAT_POISE_DAMAGE,Poise Damage,Damage echilibru
STAT_ARMOR,Armor,Armură
STAT_BLOCK_REDUCTION,Block Reduction,Reducere la blocare
STAT_POISE,Poise,Echilibru
STAT_STAMINA_COST_RED,Stamina Cost Reduction,Reducere cost stamina
STAT_DAMAGE_REDUCTION,Damage Reduction,Reducere damage
STAT_MOVE_SPEED,Move Speed,Viteză deplasare
STAT_MANA_MAX,Mana,Mana
STAT_MANA_REGEN,Mana Regen,Regenerare mana
STAT_RESIST_PHYSICAL,Physical Resistance,Rezistență fizică
STAT_RESIST_FIRE,Fire Resistance,Rezistență la foc
STAT_RESIST_FROST,Frost Resistance,Rezistență la ger
STAT_RESIST_POISON,Poison Resistance,Rezistență la otravă
STAT_RESIST_LIGHTNING,Lightning Resistance,Rezistență la fulger
STAT_RESIST_ARCANE,Arcane Resistance,Rezistență arcană
STAT_LOOT_QUALITY,Loot Quality,Calitate pradă
STAT_XP_GAIN,Experience Gain,Câștig experiență
STAT_GOLD_FIND,Gold Find,Găsire aur
STAT_COOLDOWN_RED,Cooldown Reduction,Reducere cooldown
STAT_PHYSICAL_DAMAGE,Physical Damage,Damage fizic
STAT_FIRE_DAMAGE,Fire Damage,Damage de foc
STAT_FROST_DAMAGE,Frost Damage,Damage de ger
STAT_ARCANE_DAMAGE,Arcane Damage,Damage arcan
STAT_POISON_DAMAGE,Poison Damage,Damage de otravă
FORGE_PATH_STANDARD,Standard,Standard
FORGE_PATH_HEAVY,Heavy,Greu
FORGE_PATH_KEEN,Keen,Ascuțit
FORGE_PATH_BLESSED,Blessed,Binecuvântat
FORGE_INFUSION_FIRE,Fire,Foc
FORGE_INFUSION_FROST,Frost,Ger
FORGE_INFUSION_POISON,Poison,Otravă
FORGE_INFUSION_ARCANE,Arcane,Arcan
FORGE_INFUSION_LIGHTNING,Lightning,Fulger
INV_DURABILITY,Durability %d/%d,Durabilitate %d/%d
INV_DURABILITY_BROKEN,Broken — this item grants no stats,Rupt — obiectul nu oferă statistici
INV_COMPARE_TITLE,Compared with %s,Comparat cu %s
INV_ESCAPE_RETURNED,You returned to the tower. Your loot came with you.,Te-ai întors la turn. Prada a venit cu tine.
CREATE_ROW_TITLE,Title,Titlu
CLASS_ROLE_HUNTER,Ranged / Precision,La distanță / Precizie
CLASS_ROLE_HERALD,Support / Status,Sprijin / Stări
CLASS_PERK_KILLING_DISTANCE,Killing Distance,Distanța ucigașă
CLASS_PERK_KILLING_DISTANCE_DESC,One clean shot pays for the next.,O lovitură curată o plătește pe următoarea.
CLASS_PERK_CONTAGION,Contagion,Molimă
CLASS_PERK_CONTAGION_DESC,"What one of them carries, the nearest carry too.","Ce poartă unul, poartă și cei de lângă el."
talent.arms_7,Practised Hands,Practised Hands
talent.arms_8,No Wasted Swing,No Wasted Swing
talent.arms_9,The Killing Half-Second,The Killing Half-Second
talent.arms_keystone,Executioner's Patience,Executioner's Patience
talent.guard_7,Banded Iron,Banded Iron
talent.guard_8,Weathered,Weathered
talent.guard_9,Unmoved,Unmoved
talent.guard_keystone,The Long Vigil,The Long Vigil
talent.aptitude_1,Reader of Signs,Reader of Signs
talent.aptitude_2,Careful Hands,Careful Hands
talent.aptitude_3,Coin Sense,Coin Sense
talent.aptitude_4,Long Breath,Long Breath
talent.aptitude_5,Clear Head,Clear Head
talent.aptitude_6,Light Step,Light Step
talent.aptitude_7,Deep Pockets,Deep Pockets
talent.aptitude_8,Study of the Dead,Study of the Dead
talent.aptitude_9,Scavenger,Scavenger
talent.aptitude_keystone,The Ledger Balances,The Ledger Balances
talent.branch.oath,Oath,Oath
talent.oath_1,Sworn Weight,Sworn Weight
talent.oath_2,Answer in Kind,Answer in Kind
talent.oath_3,Shield Discipline,Shield Discipline
talent.oath_4,Unbroken Line,Unbroken Line
talent.oath_5,Measured Advance,Measured Advance
talent.oath_6,Held Ground,Held Ground
talent.oath_7,Sword and Board,Sword and Board
talent.oath_8,The Oath Remembered,The Oath Remembered
talent.oath_9,Retribution,Retribution
talent.oath_keystone,Answered in Kind,Answered in Kind
talent.branch.ruin,Ruin,Ruin
talent.ruin_1,Fed on Ruin,Fed on Ruin
talent.ruin_2,Careless of the Body,Careless of the Body
talent.ruin_3,Heavy Arms,Heavy Arms
talent.ruin_4,Blood in the Mouth,Blood in the Mouth
talent.ruin_5,Unstopping,Unstopping
talent.ruin_6,Wider Arc,Wider Arc
talent.ruin_7,No Guard At All,No Guard At All
talent.ruin_8,Deeper Cuts,Deeper Cuts
talent.ruin_9,Last Strength,Last Strength
talent.ruin_keystone,Nothing Left to Spend,Nothing Left to Spend
talent.branch.unlit,Unlit,Unlit
talent.unlit_1,Quiet Approach,Quiet Approach
talent.unlit_2,Between the Plates,Between the Plates
talent.unlit_3,Short Blade Work,Short Blade Work
talent.unlit_4,Read the Turn,Read the Turn
talent.unlit_5,Cheap Footwork,Cheap Footwork
talent.unlit_6,Opened Vein,Opened Vein
talent.unlit_7,Practised Cruelty,Practised Cruelty
talent.unlit_8,Nothing Wasted,Nothing Wasted
talent.unlit_9,Faster Than Sorry,Faster Than Sorry
talent.unlit_keystone,The Unlit Hour,The Unlit Hour
talent.branch.vigil,Vigil,Vigil
talent.vigil_1,Late Reading,Late Reading
talent.vigil_2,Steady Draw,Steady Draw
talent.vigil_3,Written Fire,Written Fire
talent.vigil_4,Written Frost,Written Frost
talent.vigil_5,Copied Hand,Copied Hand
talent.vigil_6,Marginalia,Marginalia
talent.vigil_7,The Longer Book,The Longer Book
talent.vigil_8,Unhurried,Unhurried
talent.vigil_9,Annotation,Annotation
talent.vigil_keystone,What the Margins Said,What the Margins Said
talent.branch.watch,Watch,Watch
talent.watch_1,The Long Watch,The Long Watch
talent.watch_2,Braced,Braced
talent.watch_3,Spear Length,Spear Length
talent.watch_4,Root and Stand,Root and Stand
talent.watch_5,Watchful,Watchful
talent.watch_6,Shield Weight,Shield Weight
talent.watch_7,Never Yielding,Never Yielding
talent.watch_8,Cold Patience,Cold Patience
talent.watch_9,The Line Holds,The Line Holds
talent.watch_keystone,Nothing Passes,Nothing Passes
talent.branch.mile,Mile,Mile
talent.mile_1,The Quiet Mile,The Quiet Mile
talent.mile_2,Drawn Slow,Drawn Slow
talent.mile_3,Steady Arm,Steady Arm
talent.mile_4,Counted Arrows,Counted Arrows
talent.mile_5,Wind Read,Wind Read
talent.mile_6,Marked,Marked
talent.mile_7,Long Sight,Long Sight
talent.mile_8,Field Dressing,Field Dressing
talent.mile_9,Trapline,Trapline
talent.mile_keystone,One Shot Is Enough,One Shot Is Enough
talent.branch.tide,Tide,Tide
talent.tide_1,Carried Rot,Carried Rot
talent.tide_2,Slow Fever,Slow Fever
talent.tide_3,Open Vessel,Open Vessel
talent.tide_4,Damp Hands,Damp Hands
talent.tide_5,The Message,The Message
talent.tide_6,Passed Along,Passed Along
talent.tide_7,Deeper Water,Deeper Water
talent.tide_8,Patient Contagion,Patient Contagion
talent.tide_9,Everything Spreads,Everything Spreads
talent.tide_keystone,It Was Always Going to Spread,It Was Always Going to Spread
ASPECT_HUB_EMBER,Ember Watch,Straja Jarului
ASPECT_HUB_EMBER_DESC,The colour of the last fire anyone kept.,Culoarea ultimului foc pe care l-a mai ținut cineva.
ASPECT_FROZEN_STEEL,Frozen Steel,Oțel Înghețat
ASPECT_FROZEN_STEEL_DESC,Metal that keeps the cold long after the walk out.,Metal care ține frigul mult după ce ai ieșit.
ASPECT_VAULT_IRON,Vault Iron,Fierul Criptei
ASPECT_VAULT_IRON_DESC,"Dull, honest, and closed for a very long time.","Mat, cinstit și închis de foarte multă vreme."
ASPECT_PRISM_LIGHT,Prism Light,Lumina Prismei
ASPECT_PRISM_LIGHT_DESC,"A colour that is several colours, depending on the hour.","O culoare care e mai multe culori, după oră."
ASPECT_MIRE_VENOM,Mire Venom,Veninul Smârcului
ASPECT_MIRE_VENOM_DESC,Worn by those who came back up out of the mire.,Purtat de cei care au ieșit înapoi din smârc.
ASPECT_HOLLOW_ICE,Hollow Ice,Gheață Goală
ASPECT_HOLLOW_ICE_DESC,Pale to the point of absence. It suits the place.,Palid până la absență. I se potrivește locului.
TITLE_NONE,No title,No title
TITLE_THE_OATHKEPT,the Oathkept,the Oathkept
TITLE_OF_THE_COLD_FACET,of the Cold Facet,of the Cold Facet
TITLE_THE_UNABSOLVED,the Unabsolved,the Unabsolved
TITLE_THE_LATE_READER,the Late Reader,the Late Reader
TITLE_THE_STUDIED,the Studied,the Studied
TITLE_THE_GATE_OPENER,the Gate-Opener,the Gate-Opener
TITLE_THE_LAMPLIGHTER,the Lamplighter,the Lamplighter
TITLE_THE_UNFINISHED,the Unfinished,the Unfinished
SETTINGS_TITLE,Settings,Setari
SETTINGS_BACK,Back,Inapoi
SETTINGS_RESET_PAGE,Reset This Page,Reseteaza pagina
SETTINGS_HINT_BACK,Back    Q / E switch tabs,Inapoi    Q / E schimba filele
SETTINGS_AUDIO_TEST,Test,Test
SETTINGS_VALUE_ON,On,Pornit
SETTINGS_VALUE_OFF,Off,Oprit
SETTINGS_PAGE_GAMEPLAY,Gameplay,Joc
SETTINGS_PAGE_DISPLAY,Display,Afisare
SETTINGS_PAGE_AUDIO,Audio,Sunet
SETTINGS_PAGE_CONTROLS,Controls,Comenzi
SETTINGS_PAGE_ACCESSIBILITY,Accessibility,Accesibilitate
SETTINGS_PAGE_ADVANCED,Advanced,Avansat
SETTINGS_LANGUAGE_NAME,Language,Limba
SETTINGS_LANGUAGE_DESC,Language used for all menus and subtitles.,Limba folosita in meniuri si subtitrari.
SETTINGS_LANGUAGE_EN,English,Engleza
SETTINGS_LANGUAGE_RO,Romanian,Romana
SETTINGS_LEADERBOARD_OPT_IN_NAME,Submit to Leaderboards,Trimite la clasamente
SETTINGS_LEADERBOARD_OPT_IN_DESC,Upload your completed run times so they appear on the online boards.,Incarca timpii curselor terminate ca sa apara in clasamentele online.
SETTINGS_WINDOW_MODE_NAME,Window Mode,Mod fereastra
SETTINGS_WINDOW_MODE_DESC,How the game fills your screen.,Cum umple jocul ecranul.
SETTINGS_WINDOW_MODE_WINDOWED,Windowed,Fereastra
SETTINGS_WINDOW_MODE_BORDERLESS,Borderless,Fara margini
SETTINGS_WINDOW_MODE_FULLSCREEN,Fullscreen,Ecran complet
SETTINGS_MONITOR_NAME,Monitor,Monitor
SETTINGS_MONITOR_DESC,Which display the game window opens on.,Pe ce ecran se deschide fereastra jocului.
SETTINGS_RESOLUTION_NAME,Resolution,Rezolutie
SETTINGS_RESOLUTION_DESC,Size of the game window.,Dimensiunea ferestrei jocului.
SETTINGS_RENDER_PRESET_NAME,Pixel Render Scale,Scara de randare pixel
SETTINGS_RENDER_PRESET_DESC,Internal render resolution -- lower is more pixelated.,Rezolutia interna de randare -- mai mica inseamna mai pixelat.
SETTINGS_VSYNC_NAME,V-Sync,V-Sync
SETTINGS_VSYNC_DESC,"Syncs frames to your monitor to remove tearing, at the cost of some input latency.","Sincronizeaza cadrele cu monitorul ca sa elimine ruperea imaginii, cu putina latenta in plus."
SETTINGS_VSYNC_DISABLED,Off,Oprit
SETTINGS_VSYNC_ENABLED,On,Pornit
SETTINGS_VSYNC_ADAPTIVE,Adaptive,Adaptiv
SETTINGS_MAX_FPS_NAME,Frame Rate Limit,Limita cadre
SETTINGS_MAX_FPS_DESC,Caps how many frames are drawn each second.,Limiteaza cate cadre sunt desenate pe secunda.
SETTINGS_MAX_FPS_UNCAPPED,Uncapped,Nelimitat
SETTINGS_MAX_FPS_30,30 FPS,30 FPS
SETTINGS_MAX_FPS_60,60 FPS,60 FPS
SETTINGS_MAX_FPS_120,120 FPS,120 FPS
SETTINGS_MAX_FPS_144,144 FPS,144 FPS
SETTINGS_MAX_FPS_240,240 FPS,240 FPS
SETTINGS_UI_SCALE_NAME,Interface Scale,Scara interfata
SETTINGS_UI_SCALE_DESC,Enlarges menu text and panels for easier reading.,Mareste textul si panourile din meniuri pentru citire mai usoara.
SETTINGS_PIXEL_SECTION,Pixel Rendering,Randare pixel
SETTINGS_QUALITY_PRESETS,Quality,Calitate
SETTINGS_SHOW_FPS_OVERLAY_NAME,Show FPS,Afiseaza FPS
SETTINGS_SHOW_FPS_OVERLAY_DESC,Show a small frame-rate readout in the corner of the screen.,Afiseaza un mic indicator de rata cadrelor in coltul ecranului.
DEBUG_FPS_READOUT,FPS: %d,FPS: %d
SETTINGS_PRESET_PERFORMANCE,Performance,Performanta
SETTINGS_PRESET_BALANCED,Balanced,Echilibrat
SETTINGS_PRESET_BEAUTY,Beauty,Frumusete
SETTINGS_PIXEL_ADVANCED,Advanced Pixel Options,Optiuni pixel avansate
SETTINGS_PIXEL_HIDE,Hide Pixel Options,Ascunde optiunile pixel
SETTINGS_PIXEL_RESTORE,Restore Recommended Look,Revino la aspectul recomandat
SETTINGS_RENDER_RESOLUTION,Render Resolution,Rezolutie de randare
SETTINGS_INTEGER_PIXEL_SCALING_NAME,Integer Pixel Upscaling,Mărire pixel cu scalare întreagă
SETTINGS_INTEGER_PIXEL_SCALING_DESC,Use whole-number pixel scaling where the display can fit it; smaller screens use a fitted fractional downscale.,Folosește scalare întreagă a pixelilor când ecranul permite; ecranele mai mici folosesc o micșorare fracționară adaptată.
SETTINGS_LOW_RES_VIEWPORT,Low-Resolution Pixel Viewport,Viewport pixel la rezolutie mica
SETTINGS_PIXEL_SCALE_NAME,Pixel Size,Dimensiune pixel
SETTINGS_COLOR_LEVELS_NAME,Colour Levels,Niveluri de culoare
SETTINGS_PATTERN_STRENGTH_NAME,Dither Strength,Intensitate dither
SETTINGS_MASTER_VOLUME_NAME,Master Volume,Volum general
SETTINGS_MASTER_VOLUME_DESC,Overall loudness of everything the game plays.,Volumul general al tuturor sunetelor jocului.
SETTINGS_MUSIC_VOLUME_NAME,Music,Muzica
SETTINGS_MUSIC_VOLUME_DESC,Soundtrack and boss themes.,Coloana sonora si temele de boss.
SETTINGS_SFX_VOLUME_NAME,Sound Effects,Efecte sonore
SETTINGS_SFX_VOLUME_DESC,"Weapon hits, footsteps, and world sounds.","Lovituri, pasi si sunetele lumii."
SETTINGS_AMBIENCE_VOLUME_NAME,Ambience,Ambianta
SETTINGS_AMBIENCE_VOLUME_DESC,"Wind, dripping water, and other background layers.","Vant, apa si alte straturi de fundal."
SETTINGS_UI_VOLUME_NAME,Interface,Interfata
SETTINGS_UI_VOLUME_DESC,"Menu clicks, confirmations, and notifications.","Clicuri de meniu, confirmari si notificari."
SETTINGS_REDUCED_MOTION_NAME,Reduced Motion,Miscare redusa
SETTINGS_REDUCED_MOTION_DESC,"Softens camera shake, hitstop, and screen flashes across the whole game.","Reduce zguduirea camerei, hitstop-ul si flash-urile de ecran in tot jocul."
SETTINGS_RESTRAINED_DAMAGE_NUMBERS_NAME,Restrained Damage Numbers,Numere de daune discrete
SETTINGS_RESTRAINED_DAMAGE_NUMBERS_DESC,"Shows fewer non-critical damage numbers during exploration and combat.","Afiseaza mai putine numere de daune necritice in explorare si lupta."
SETTINGS_CAMERA_SHAKE_INTENSITY_NAME,Camera Shake,Zguduire camera
SETTINGS_CAMERA_SHAKE_INTENSITY_DESC,How hard the camera kicks on impacts and explosions.,Cat de tare tresare camera la impact si explozii.
SETTINGS_HITSTOP_INTENSITY_NAME,Hitstop,Hitstop
SETTINGS_HITSTOP_INTENSITY_DESC,Length of the brief freeze when a blow lands.,Durata inghetarii scurte cand o lovitura nimereste.
SETTINGS_SCREEN_PULSE_INTENSITY_NAME,Screen Pulse,Puls ecran
SETTINGS_SCREEN_PULSE_INTENSITY_DESC,Strength of the full-screen flash on damage and heals.,Intensitatea flash-ului pe tot ecranul la daune si vindecari.
SETTINGS_SHOW_CONTROL_HINTS_NAME,Control Hints,Indicii comenzi
SETTINGS_SHOW_CONTROL_HINTS_DESC,Show button prompts next to interactable objects.,Arata butoanele sugerate langa obiectele cu care poti interactiona.
SETTINGS_SUBTITLE_SCALE_NAME,Subtitle Size,Marime subtitrari
SETTINGS_SUBTITLE_SCALE_DESC,Size of dialogue and narration text.,Marimea textului de dialog si naratiune.
SETTINGS_VIBRATION_INTENSITY_NAME,Controller Vibration,Vibratie controller
SETTINGS_VIBRATION_INTENSITY_DESC,Rumble strength on gamepads. Set to zero to disable.,Intensitatea vibratiei pe gamepad. Zero pentru dezactivare.
SETTINGS_COLORBLIND_MODE_NAME,Colourblind Mode,Mod daltonism
SETTINGS_COLORBLIND_MODE_DESC,"Shifts damage, rarity, and status colours to a more distinguishable palette.","Schimba culorile de daune, raritate si status intr-o paleta mai distincta."
SETTINGS_COLORBLIND_DEFAULT,Default,Implicit
SETTINGS_COLORBLIND_PROTANOPIA,Protanopia,Protanopie
SETTINGS_COLORBLIND_DEUTERANOPIA,Deuteranopia,Deuteranopie
SETTINGS_COLORBLIND_TRITANOPIA,Tritanopia,Tritanopie
SETTINGS_CAMERA_MOUSE_SENSITIVITY_NAME,Mouse Sensitivity,Sensibilitate mouse
SETTINGS_CAMERA_MOUSE_SENSITIVITY_DESC,How far the camera turns per unit of mouse movement.,Cat se roteste camera la fiecare miscare de mouse.
SETTINGS_CAMERA_STICK_SENSITIVITY_NAME,Stick Sensitivity,Sensibilitate stick
SETTINGS_CAMERA_STICK_SENSITIVITY_DESC,How fast the camera turns with the right stick.,Cat de repede se roteste camera cu stick-ul drept.
SETTINGS_CAMERA_FOV_NAME,Field of View,Camp vizual
SETTINGS_CAMERA_FOV_DESC,How much of the world fits on screen. Higher shows more but looks further away.,"Cat din lume incape pe ecran. Mai mare arata mai mult, dar pare mai departe."
SETTINGS_CAMERA_INVERT_Y_NAME,Invert Vertical Look,Inverseaza privirea verticala
SETTINGS_CAMERA_INVERT_Y_DESC,Pushing up looks down instead.,Impingerea in sus face privirea sa coboare.
SETTINGS_ASSIST_DAMAGE_TAKEN_NAME,Damage Taken,Daune primite
SETTINGS_ASSIST_DAMAGE_TAKEN_DESC,Multiplies all damage you receive. Below 1.00x makes runs more forgiving.,Multiplica toate daunele primite. Sub 1.00x face cursele mai iertatoare.
SETTINGS_ASSIST_IFRAME_GENEROSITY_NAME,Dodge Window,Fereastra de eschiva
SETTINGS_ASSIST_IFRAME_GENEROSITY_DESC,Multiplies how long a dodge keeps you invulnerable.,Multiplica durata invulnerabilitatii din eschiva.
SETTINGS_ASSIST_LOCK_ON_RANGE_NAME,Lock-On Range,Raza de fixare
SETTINGS_ASSIST_LOCK_ON_RANGE_DESC,Multiplies the distance at which enemies can be locked on to.,Multiplica distanta de la care poti fixa inamicii.
SETTINGS_ASSIST_TELEGRAPH_EMPHASIS_NAME,Emphasise Attack Tells,Accentueaza semnalele de atac
SETTINGS_ASSIST_TELEGRAPH_EMPHASIS_DESC,Brightens and outlines enemy wind-ups so incoming attacks read sooner.,Lumineaza si contureaza pregatirea atacurilor inamice ca sa le observi mai devreme.
SETTINGS_BINDING_DESC,Select a slot to rebind this action.,Alege un slot ca sa reasociezi aceasta actiune.
SETTINGS_BINDING_RESET,Reset,Reseteaza
SETTINGS_BINDING_RESET_ALL,Reset All Bindings,Reseteaza toate comenzile
SETTINGS_BINDING_UNBOUND,Unbound,Neasociat
SETTINGS_BINDING_PROMPT,Rebind Control,Reasociaza comanda
SETTINGS_BINDING_WAIT,"Press any input for %s, or cancel to keep the current one.","Apasa orice tasta pentru %s, sau anuleaza ca sa o pastrezi pe cea curenta."
SETTINGS_BINDING_CONFLICT,That input is already used by %s. Swap it with %s?,Acea comanda e deja folosita de %s. O schimbi cu %s?
SETTINGS_BINDING_SWAP,Swap,Schimba
SETTINGS_BINDING_CANCEL,Cancel,Anuleaza
SETTINGS_CRASH_REPORTS,Send anonymous crash reports,Trimite rapoarte anonime de eroare
SETTINGS_REPLAY_RECORDING_NAME,Record Run Replays,Inregistreaza reluari
SETTINGS_REPLAY_RECORDING_DESC,Keeps an input recording of each run so it can be played back later.,"Pastreaza o inregistrare a comenzilor din fiecare cursa, pentru reluare."
SETTINGS_NO_BACKUPS,No save backups yet.,Inca nu exista copii de rezerva.
SETTINGS_RESTORE_BACKUP,Restore backup %d  -  %s,Restaureaza copia %d  -  %s
SETTINGS_RESTORE_TITLE,Restore Backup,Restaureaza copia
SETTINGS_RESTORE_BODY,Replace your current save with backup %d? This cannot be undone.,Inlocuiesti salvarea curenta cu copia %d? Actiunea nu poate fi anulata.
SETTINGS_RESTORE_CONFIRM,Restore,Restaureaza
INV_EQUIP_FAILED,That item does not go in that slot.,Obiectul nu se potrivește în acel loc.
INV_USE_FAILED,That item cannot be used right now.,Obiectul nu poate fi folosit acum.
INV_MOVE_FAILED,There is no room for that there.,Nu este loc pentru asta acolo.
INV_STASH_FULL,Your stash is full.,Inventarul tau este plin.
CREATE_NAME_HEADER,Your Warden,Gardianul tau
CREATE_APPEARANCE_HEADER,Appearance,Infatisare
CREATE_CLASS_DETAIL_HEADER,Class Details,Detalii clasa
CREATE_STAT_COL_STAT,Stat,Statistica
CREATE_STAT_COL_BASE,Base,Baza
CREATE_STAT_COL_CLASS,Class,Clasa
SETTINGS_BINDING_COL_KEYBOARD,Keyboard,Tastatura
SETTINGS_BINDING_COL_GAMEPAD,Gamepad,Gamepad
MERCHANT_GOLD,Gold: %d,Aur: %d
MERCHANT_BUY_ROW,%s   %dg  x%d,%s   %dg  x%d
MERCHANT_SELL_ROW,%s   %dg,%s   %dg
MERCHANT_SELL_ROW_STACK,%s x%d   %dg,%s x%d   %dg
MERCHANT_STOCK_EMPTY,Nothing left to sell.,Nimic de vandut.
MERCHANT_INVENTORY_EMPTY,Nothing to sell.,Nu ai nimic de vandut.
MERCHANT_BUY_HINT,%s costs %d gold.,%s costa %d aur.
MERCHANT_CANNOT_AFFORD,%s costs %d more gold than you carry.,%s costa cu %d aur mai mult decat ai.
MERCHANT_SELL_HINT,%s sells for %d gold each.,%s se vinde cu %d aur bucata.
MERCHANT_SELECT_BUY,Select an item to buy.,Alege un obiect de cumparat.
MERCHANT_SELECT_SELL,Select an item to sell.,Alege un obiect de vandut.
MERCHANT_PURCHASED,Purchased %s.,Ai cumparat %s.
MERCHANT_SOLD,Sold for %d gold.,Vandut cu %d aur.
MERCHANT_BUY_FAILED,That purchase failed.,Cumpararea a esuat.
MERCHANT_SELL_FAILED,That sale failed.,Vanzarea a esuat.
SMITH_COINS,Coins: %d,Monede: %d
SMITH_UPGRADE,Upgrade,Imbunatateste
SMITH_REPAIR,Repair,Repara
SMITH_CLOSE,Close,Inchide
SMITH_RESPEC,Respec Talents (%d),Reseteaza talentele (%d)
SMITH_RESPEC_CONFIRM_TITLE,Respec Talents?,Resetezi talentele?
SMITH_RESPEC_CONFIRM_MESSAGE,Spend %d gold to reset every talent point? This cannot be undone.,Cheltuiesti %d aur ca sa resetezi toate punctele de talent? Nu poate fi anulat.
SMITH_RESPEC_CONFIRM_BUTTON,Respec,Reseteaza
SMITH_UNLOCK_WEAPONS,Unlock Weapons,Deblocheaza arme
SMITH_UNLOCK_NEXT,Unlock: %s (%dg),Deblocheaza: %s (%dg)
SMITH_FORGE_SECTION,Forge,Forja
SMITH_SALVAGE,Salvage,Dezmembreaza
SMITH_REROLL,Reroll Affixes,Rearunca afixele
SMITH_TRANSMUTE,Transmute,Transmuta
SMITH_INFUSE,Infuse,Infuzeaza
SMITH_INFUSION_ELEMENT,Element,Element
SMITH_ITEM_ROW,%s  +%d/%d  -  durability %d/%d,%s  +%d/%d  -  durabilitate %d/%d
SMITH_ITEM_ROW_EQUIPPED,[E] %s  +%d/%d  -  durability %d/%d,[E] %s  +%d/%d  -  durabilitate %d/%d
SMITH_NO_ITEMS,No equippable items to upgrade or repair.,Niciun obiect echipabil de imbunatatit sau reparat.
SMITH_UPGRADE_DETAIL,%s  -  upgrade cost %d coins  (+%d/%d),%s  -  cost imbunatatire %d monede  (+%d/%d)
SMITH_UPGRADE_FAILED,That upgrade failed.,Imbunatatirea a esuat.
SMITH_REPAIR_FAILED,That repair failed.,Reparatia a esuat.
SMITH_RESPEC_DONE,Talents reset.,Talente resetate.
SMITH_RESPEC_FAILED,The respec failed.,Resetarea a esuat.
SMITH_NO_UNLOCKS,No weapon unlocks available.,Nicio arma de deblocat.
SMITH_UNLOCKED,Unlocked %s.,Ai deblocat %s.
SMITH_UNLOCK_FAILED,That unlock failed.,Deblocarea a esuat.
SMITH_SALVAGED,Salvaged.,Dezmembrat.
SMITH_SALVAGED_FOR,Salvaged for %s.,Dezmembrat pentru %s.
SMITH_SALVAGE_FAILED,That salvage failed.,Dezmembrarea a esuat.
SMITH_SALVAGE_CONFIRM_TITLE,Salvage Item?,Dezmembrezi obiectul?
SMITH_SALVAGE_CONFIRM_MESSAGE,Break down %s for %s? This destroys the item and cannot be undone.,Dezmembrezi %s pentru %s? Obiectul e distrus si nu poate fi anulat.
SMITH_REROLLED,Affixes rerolled.,Afixe rearuncate.
SMITH_REROLL_FAILED,That reroll failed.,Rearuncarea a esuat.
SMITH_TRANSMUTED,Rarity transmuted to %s.,Raritate transmutata in %s.
SMITH_TRANSMUTE_FAILED,That transmute failed.,Transmutarea a esuat.
SMITH_INFUSED,Infused with %s.,Infuzat cu %s.
SMITH_INFUSE_FAILED,That infusion failed.,Infuzarea a esuat.
STORAGE_SELECT_INVENTORY,Select an item in your inventory.,Alege un obiect din inventar.
STORAGE_SELECT_STORAGE,Select an item in storage.,Alege un obiect din depozit.
STORAGE_MOVED_TO_STORAGE,Moved to storage.,Mutat in depozit.
STORAGE_MOVED_TO_INVENTORY,Moved to inventory.,Mutat in inventar.
STORAGE_MOVE_FAILED,That move failed.,Mutarea a esuat.
STORAGE_INVENTORY_EMPTY,Empty.,Gol.
STORAGE_STORAGE_EMPTY,Empty.,Gol.
LOADOUT_EQUIPPED_ROW,%s  (equipped),%s  (echipat)
MENU_SUBTITLE,Umbral of the Fallen Warden,Umbralul Gardianului Căzut
TITLE_PRESS_ANY_KEY,Press any key to continue,Apasa orice tasta pentru a continua
MENU_NEW_GAME,New Game,Joc nou
MENU_CONTINUE,Continue,Continua
MENU_SETTINGS,Settings,Setari
MENU_QUIT,Quit Game,Iesi din joc
MENU_TODAY_CHALLENGE,This week: {name} -- {remaining},Saptamana aceasta: {name} -- {remaining}
MENU_TODAY_BOUNTIES,"{count} bounties open · daily {dailyReset} · weekly {weeklyReset}","{count} recompense deschise · zilnic {dailyReset} · săptămânal {weeklyReset}"
HUD_BOUNTY_COMPLETE,Bounty complete: {name},Recompensa indeplinita: {name}
TUTORIAL_TELEGRAPH_AMBER,Amber solid ring: blockable. Face it and hold guard as it lands.,Inelul plin chihlimbar: atac blocabil. Întoarce-te spre el și ține garda când lovește.
TUTORIAL_TELEGRAPH_BLUE,Blue dashed ring: parryable. Face it and tap guard as the strike arrives.,Inelul întrerupt albastru: atac parabil. Întoarce-te spre el și apasă garda când lovește.
TUTORIAL_TELEGRAPH_RED,Red double ring: unblockable. The shape/pattern matters as well as color; dodge through it as it lands.,Inelul dublu roșu: atac de neoprit. Forma și modelul contează la fel ca nuanța; eschivează prin el când lovește.
TUTORIAL_POISE_BREAK,Broken. Attack now for an execution.,Echilibru frant. Ataca acum pentru o executie.
TUTORIAL_STAMINA_EXHAUSTED,Out of stamina. You cannot dodge.,Fara rezistenta. Nu poti eschiva.
HUD_PERFECT_DODGE_COUNTER,Perfect dodge: counterattack before the glow fades.,Eschiva perfecta: contraataca inainte ca stralucirea sa dispara.
HUB_COMBAT_NOTE_PREFIX,Combat note for next time:,Notă de luptă pentru data viitoare:
PRACTICE_TITLE,Combat practice,Exercițiu de luptă
PRACTICE_CHOOSE,Choose an exercise. Your progress is not saved.,Alege un exercițiu. Progresul nu este salvat.
PRACTICE_PARRY,Parry,Parare
PRACTICE_DODGE,Dodge through,Eschivă prin atac
PRACTICE_POISE_BREAK,Poise break,Ruperea echilibrului
PRACTICE_GUARD_BREAK,Guard break,Ruperea gărzii
PRACTICE_RECOVERY,Recover stamina,Recuperarea rezistenței
PRACTICE_RETRY,Reset practice,Reia exercițiul
PRACTICE_PARRY_DESC,Face the red wedge-shaped windup. Raise guard as the strike arrives to parry; color is supplementary.,Înfruntă pregătirea în formă de pană roșie. Ridică garda când vine lovitura pentru a para; culoarea este secundară.
PRACTICE_DODGE_DESC,Move through the red wedge as the strike arrives. A successful dodge avoids the hit; moving away is not enough.,Eschivează prin pana roșie când vine lovitura. Eschiva reușită evită atacul; simpla retragere nu este suficientă.
PRACTICE_POISE_BREAK_DESC,Attack the dummy until its poise breaks, then observe the stagger and recovery opening.,Atacă manechinul până i se rupe echilibrul, apoi observă amețeala și fereastra de ripostă.
PRACTICE_GUARD_BREAK_DESC,Hold guard with the shown action into the red double-ring cone to see why this unblockable attack breaks your guard. Practice protection prevents health and poise damage.,Ține garda cu acțiunea afișată în fața conului roșu cu inel dublu pentru a vedea de ce acest atac de neoprit îți rupe garda. Protecția exercițiului previne daunele la viață și echilibru.
PRACTICE_RECOVERY_DESC,Stamina is depleted for this practice. Wait without spending stamina until it recovers.,Rezistența este epuizată pentru acest exercițiu. Așteaptă fără să o consumi până se reface.
PRACTICE_RECOVERY_WAIT,Recovery begins after a short delay; the exhausted state clears at 15% stamina.,Refacerea începe după o scurtă întârziere; epuizarea dispare la 15% rezistență.
PRACTICE_TELEGRAPH_SHAPE,Read the wedge shape and approach direction; the red color is not the only cue.,Citește forma de pană și direcția atacului; culoarea roșie nu este singurul indiciu.
PRACTICE_PARRY_DONE,Parry successful. Retry or choose another exercise.,Parare reușită. Reia sau alege alt exercițiu.
PRACTICE_DODGE_DONE,Dodge-through successful. Retry or choose another exercise.,Eschivă prin atac reușită. Reia sau alege alt exercițiu.
PRACTICE_POISE_BREAK_DONE,Poise broken. Punish the stagger, then retry or choose another exercise.,Echilibru rupt. Pedepsește amețeala, apoi reia sau alege alt exercițiu.
PRACTICE_GUARD_BREAK_DONE,Guard broken. The unblockable strike cannot be blocked; retry to restore your guard.,Gardă ruptă. Lovitura de neoprit nu poate fi blocată; reia pentru a-ți reface garda.
PRACTICE_RECOVERY_DONE,Stamina recovered. Retry or choose another exercise.,Rezistență refăcută. Reia sau alege alt exercițiu.
PRACTICE_ACTION_BLOCK,Guard with %s as the hit lands.,Apără-te cu %s când lovește.
PRACTICE_ACTION_DODGE,Dodge with %s as the hit lands.,Eschivează cu %s când lovește.
PRACTICE_ACTION_ATTACK,Attack with %s to break poise.,Atacă cu %s pentru a rupe echilibrul.
TOWER_PRIMARY_GOAL,Your character's next tower milestone: {name} — {requirement}. The tower will change: {change},Următorul obiectiv al personajului în turn: {name} — {requirement}. Turnul se va schimba astfel: {change}
SETTINGS_FULLSCREEN_TITLE,Keep Fullscreen?,Pastrezi ecranul complet?
SETTINGS_FULLSCREEN_BODY,Keep this display mode? It reverts automatically in %d seconds.,Pastrezi acest mod de afisare? Revine automat in %d secunde.
SETTINGS_FULLSCREEN_KEEP,Keep,Pastreaza
SETTINGS_FULLSCREEN_REVERT,Revert,Revino
CONTINUE_BACK,Back,Inapoi
CONTINUE_PLAY,Play Warden,Joaca gardianul
CONTINUE_DELETE,Delete Warden,Sterge gardianul
CONTINUE_NO_WARDENS,No wardens yet - create one with New Game.,Niciun gardian inca - creeaza unul din Joc nou.
LOADING_ENTERING,Entering Aumbrye Tower,Intri in Turnul Aumbrye
LOADING_PREPARING,Preparing your warden...,Se pregateste gardianul...
LOADING_SYNCING,Syncing umbral...,Se sincronizează umbralul...
LOADING_SAVE_FAILED,Could not load save - returning to menu.,Salvarea nu a putut fi incarcata - revenire la meniu.
LOADING_SLOTS_FULL,All character slots are full - delete one to start a new warden.,Toate sloturile de personaje sunt pline - sterge unul pentru a incepe un warden nou.
LOADING_CHARACTER_MISSING,That character's save could not be found - returning to menu.,Salvarea acelui personaj nu a fost gasita - revenire la meniu.
LOADING_OPENING_HUB,Opening the hub...,Se deschide hub-ul...
TRANSITION_RETURN_HUB,Returning to the hub...,Se revine în hub...
TRANSITION_DESCENDING,Descending...,Se coboară...
TRANSITION_TALLYING,Tallying the run...,Se calculează rezultatul...
TRANSITION_LOADING,Loading...,Se încarcă...
TRANSITION_LOAD_FAILED,Unable to load this destination.,Destinația nu a putut fi încărcată.
TRANSITION_BUILD_FAILED,The destination could not be built.,Destinația nu a putut fi construită.
TRANSITION_OPEN_FAILED,The destination could not be opened.,Destinația nu a putut fi deschisă.
TRANSITION_RETURN_HUB_ACTION,Return to hub,Revino la hub
RETRY,Retry,Reîncearcă
RESULTS_RETRY_SYNC,Retry cloud sync,Reincearca sincronizarea
RESULTS_COPY_SEED,Copy seed,Copiaza seed-ul
RESULTS_TIME_EMPTY,Time: --,Timp: --
RESULTS_KILLS_EMPTY,Kills: --,Ucideri: --
RESULTS_LOOT_EMPTY,Loot: --,Prada: --
RESULTS_WAVES_CLEARED,%s - Waves Cleared,%s - Valuri terminate
RESULTS_WAVES_FAILED,%s - Waves Failed,%s - Valuri pierdute
RESULTS_OATH_FULFILLED,%s - Oath Fulfilled,%s - Juramant implinit
RESULTS_RUN_COMPLETE,%s - Run Complete,%s - Cursa terminata
ENTRY_NEED_WEAPON,Equip a weapon before entering the dungeon.,Echipeaza o arma inainte sa intri in temnita.
ENTRY_TIER_LOCKED,Tier %d is locked.,Nivelul %d este blocat.
ENTRY_SEED_TIER_LOCKED,Tier %d is locked -- clear the previous tier first.,Nivelul %d este blocat -- termina mai intai nivelul anterior.
ENTRY_SEED_INVALID,Invalid - enter digits only,Invalid - doar cifre
ACHIEVEMENTS_UNAVAILABLE,Achievement service unavailable.,Serviciul de realizari nu este disponibil.
BESTIARY_EMPTY,The codex is empty.,Codexul este gol.
UI_CLOSE,Close,Inchide
DIALOGUE_HINT_CONTINUE,Enter to continue - Esc to close,Enter pentru continuare - Esc pentru inchidere
DIALOGUE_HINT_CHOOSE,D-pad + Enter to choose - Esc to close,D-pad + Enter pentru alegere - Esc pentru inchidere
DIALOGUE_UNAVAILABLE_RETRY,Dialogue is temporarily unavailable. Try again.,Dialogul nu este disponibil momentan. Incearca din nou.
QUEST_SELECT_TO_ACCEPT,Select a quest to accept.,Alege o misiune de acceptat.
QUEST_ACCEPTED,Quest accepted: %s,Misiune acceptata: %s
QUEST_ACCEPT_FAILED,That quest could not be accepted.,Misiunea nu a putut fi acceptata.
CREATE_COMPARE_HEADER,All Classes,Toate clasele
CREATE_COMPARE_COL_CLASS,Class,Clasa
CREATE_COMPARE_COL_ROLE,Role,Rol
CREATE_COMPARE_COL_BONUSES,Stat Bonuses,Bonusuri
CREATE_STAT_MANA,Mana,Mana
CREATE_STAT_MANA_REGEN,Mana Regen,Regen mana
CREATE_COMPARE_COL_STAT,Stat,Statistica
CREATE_COMPARE_COL_YOU,Your Pick,Alegerea ta
CREATE_COMPARE_COL_YOU_NAMED,Your Pick (%s),Alegerea ta (%s)
TALENTS_TITLE,Talents,Talente
TALENTS_POINTS,Points: %d,Puncte: %d
TALENTS_HINT,Arrows: move | Enter: unlock | Esc: close,Sageti: mutare | Enter: deblocheaza | Esc: inchide
TALENTS_CAN_UNLOCK,Can unlock,Se poate debloca
TALENTS_LOCKED,Locked,Blocat
TALENTS_QUEUE,Queue,Adauga in plan
TALENTS_COMMIT,Confirm Plan,Confirma planul
TALENTS_CLEAR_PLAN,Clear Plan,Sterge planul
TALENTS_FREE_RESPEC,Free Respec,Resetare gratuita
TALENTS_QUEUED_COST,(%d queued),(%d in plan)
TALENTS_QUEUED,Queued — not yet spent,In plan — inca necheltuit
TALENTS_TAKEN,Taken,Luat
TALENTS_PREVIEW,If taken: %s,Daca e luat: %s
RELIC_OFFER_TITLE,A Relic Offered,O relicvă oferită
RELIC_OFFER_SUBTITLE,Take one. The others return to the dark.,Ia una. Celelalte se întorc în întuneric.
RELIC_OFFER_HINT,This choice is bound to the seed — it will not change.,Alegerea e legată de sămânță — nu se va schimba.
RELIC_OFFER_TAKE,Take,Ia
WAVES_TAKE_REWARD,Take {item},Ia {item}
WAVES_TITLE_SUBTITLE,Wave %d,Valul %d
RESPAWN_XP_GAINED,XP gained: {xp},XP câștigat: {xp}
RESPAWN_XP_DEFERRED,XP deferred to shard: {xp},XP amânat în ciob: {xp}
RESPAWN_LOOT_STRIPPED,Loot stripped: {items},Pradă pierdută: {items}
RESPAWN_LOOT_KEPT,No loot stripped since bonfire.,Nicio pradă pierdută de la focul de tabără.
WARN_INVENTORY_FULL,Inventory full,Inventar plin
WARN_SAVE_WRITE_FAILED,Saving failed — check disk space,Salvarea a eșuat — verifică spațiul pe disc
WARN_SAVE_FROM_NEWER_BUILD,Save was made by a newer build and cannot be loaded,Salvarea provine dintr-o versiune mai nouă și nu poate fi încărcată
WARN_SAVE_FAILED_REASON,Saving failed ({reason}),Salvarea a eșuat ({reason})
MAP_LEGEND_HAZARD,Hazard,Pericol
MAP_LEGEND_NPC,Quest Giver,Ofertant de misiuni
MAP_LEGEND_VAULT,Vault,Seif
MAP_LEGEND_LORE,Lore,Poveste
MAP_LEGEND_REST,Bonfire,Foc de tabără
MAP_LEGEND_PUZZLE,Puzzle,Enigmă
MAP_LEGEND_SECRET,Secret,Secret
RESULTS_LOOT_NONE,(none),(niciuna)
RESULTS_CONTINUE,Continue,Continuă
RESULTS_XP_PENDING,XP: --,XP: --
RESULTS_TIME,Time: {time},Timp: {time}
RESULTS_KILLS,Kills: {kills},Ucideri: {kills}
RESULTS_SECRETS,Secrets found: {count},Secrete găsite: {count}
RESULTS_LOOT_KEPT,Loot kept: {items},Pradă păstrată: {items}
RESULTS_LOOT_LOST,Loot lost: {items},Pradă pierdută: {items}
RESULTS_XP_HALVED,XP gained: {xp} (50% of {full}),XP câștigat: {xp} (50% din {full})
RESULTS_XP_GAINED_RUN,XP gained: {xp},XP câștigat: {xp}
RESULTS_LEVEL_UP, — Level up!, — Nivel nou!
RESULTS_RETURN_HINT,Press Enter to return to Aumbrye Tower,Apasă Enter pentru a reveni la Turnul Aumbrye
RESULTS_COPY_SEED_N,Copy seed {seed},Copiază sămânța {seed}
RESULTS_SEED_COPIED_N,Seed {seed} copied,Sămânța {seed} copiată
RESULTS_WEEKLY_CHALLENGE,Weekly challenge: {name}.,Provocarea săptămânii: {name}.
RESULTS_RULE_SET,Rule set: {name}.,Set de reguli: {name}.
RESULTS_DEPTH_BEST,"Deepest yet: floor {floor}, past your {previous}.","Cel mai adânc: etajul {floor}, peste {previous}."
RESULTS_DEPTH_SHORT,Floor {floor}. Your best on this road is {previous}.,Etajul {floor}. Recordul tău pe drumul ăsta e {previous}.
RESULTS_TIME_BEST,"Fastest yet: {time}, past your {previous}.","Cel mai rapid: {time}, peste {previous}."
RESULTS_TIME_FIRST_CLEAR,First clean run on this road — the time to beat is yours now.,Prima trecere curată pe drumul ăsta — timpul de bătut e acum al tău.
RESULTS_TIME_NOT_BEST,Your fastest here is still {previous}.,Cel mai bun timp al tău aici rămâne {previous}.
RESULTS_KILLS_BEST,More slain than any run before it.,Mai mulți răpuși decât în orice trecere de dinainte.
RESULTS_SURVIVAL_RATE,You are walking out of {count} in 10 lately.,În ultima vreme ieși viu din {count} din 10.
RESULTS_WEEKLY_BEST,A new best on this week's challenge.,Un nou record la provocarea săptămânii.
RESULTS_WEEKLY_NOT_BEST,This week's challenge still stands at your earlier attempt.,Provocarea săptămânii rămâne la încercarea ta anterioară.
RESULTS_RELICS_CARRIED,Carried: {relics}.,Purtate: {relics}.
RESULTS_TOP_RELIC,{relic} did the most work — {count} times.,{relic} a muncit cel mai mult — de {count} ori.
RESULTS_OFFERS_TAKEN,Offers taken: {count}.,Oferte acceptate: {count}.
RESULTS_TRAPS_HIT,Caught by the floor {count} times.,Prins de podea de {count} ori.
RESULTS_GOLD_STAKED,{gold} gold waits where you fell. Reach it before you fall again.,{gold} aur te așteaptă acolo unde ai căzut. Ajunge la el înainte să cazi din nou.
RESULTS_DESCENT_BEST,New deepest descent: floor {floor} (was {previous}).,Cea mai adâncă coborâre: etajul {floor} (era {previous}).
RESULTS_DESCENT_NOT_BEST,Floor {floor}. Your deepest is still {previous}.,Etajul {floor}. Cea mai adâncă rămâne {previous}.
RESULTS_DESCENT_TOKENS,Descent tokens earned: {count}.,Jetoane de coborâre câștigate: {count}.
RESULTS_RECURRING_FAILURE,This keeps happening: {causes}.,Asta se tot întâmplă: {causes}.
RESULTS_ASSISTS,Assists in use: {assists}.,Asistențe active: {assists}.
RESULTS_LEADERBOARD_SIGN_IN,Sign in to see leaderboards.,Autentifică-te pentru clasamente.
RESULTS_LEADERBOARD_UNAVAILABLE,Leaderboards unavailable.,Clasamentele nu sunt disponibile.
RESULTS_LEADERBOARD_EMPTY,Top 10 for {biome} (tier {tier}): no entries yet.,Top 10 pentru {biome} (nivel {tier}): încă fără intrări.
RESULTS_LEADERBOARD_TITLE,Top 10 for {biome} (tier {tier}):,Top 10 pentru {biome} (nivel {tier}):
RESULTS_CLOUD_FAILED,Cloud sync failed.,Sincronizarea în cloud a eșuat.
RESULTS_CLOUD_UPDATE_REQUIRED,Update required to use cloud features.,E nevoie de actualizare pentru funcțiile cloud.
RESULTS_REPORT_TITLE,Run Report,Raportul trecerii
RESULTS_NEXT_TITLE,Next,Urmatorul
RESULTS_NEXT_VAULT,{gap} more unlocks the vault's {name}.,Inca {gap} deblocheaza {name} din seif.
RESULTS_NEXT_BESTIARY,{gap} more kills masters the {name} bestiary entry.,Inca {gap} ucideri stapanesc intrarea din bestiar pentru {name}.
STAIR_PRESSURE_BEST,Personal best: floor {floor},Record personal: etajul {floor}
STAIR_PRESSURE_MILESTONE,{floors} floors to "{label}",{floors} etaje pana la "{label}"
CONTRACT_CHALLENGE,This run counts toward the weekly challenge: {name}.,Aceasta trecere conteaza pentru provocarea saptamanii: {name}.
CONTRACT_RECORD,Record to beat: floor {floor}.,Recordul de batut: etajul {floor}.
CONTRACT_VAULT,{gap} more unlocks the vault's {name}.,Inca {gap} deblocheaza {name} din seif.
CONTRACT_BESTIARY,{gap} more kills masters the {name} bestiary entry.,Inca {gap} ucideri stapanesc intrarea din bestiar pentru {name}.
RESULTS_TIER_LADDER_TITLE,Tier Ladder,Scara nivelurilor
EPILOGUE_TITLE,The Oath Fulfilled,Jurământul împlinit
EPILOGUE_HINT,Enter to continue,Enter pentru a continua
EPILOGUE_DEFAULT,"{dungeon} falls silent behind you. Your umbral endures in Aumbrye Tower until the next summons.","{dungeon} rămâne tăcut în urma ta. Umbra ta dăinuie în Turnul Aumbrye până la următoarea chemare."
EPILOGUE_FACT_BIOME,A new depth of the tower has opened: {biome}.,O noua adâncime a turnului s-a deschis: {biome}.
EPILOGUE_FACT_TIER,This dungeon now answers at a harder standing: {label}.,Acest tarâm răspunde acum la o treaptă mai grea: {label}.
EPILOGUE_FACT_VAULT,The Warden's Vault has taken in something new: {name}.,Seiful Wardenului a primit ceva nou: {name}.
EPILOGUE_FORGOTTEN_CASTLE,"The Forgotten Sovereign falls. The tower's reset slows — for one breath the oath is fulfilled. Your umbral endures in Aumbrye Tower until the next summons.","Suveranul Uitat cade. Reinitializarea turnului incetineste — pentru o suflare, juramantul e implinit. Umbra ta dainuie in Turnul Aumbrye pana la urmatoarea chemare."
EPILOGUE_CRYSTAL_CAVERNS,"The Sovereign of the Slow Growth stops growing. The caverns hold still, crystal by crystal, for the first time since the tower was young.","Suveranul Cresterii Lente nu mai creste. Pesterile stau nemiscate, cristal cu cristal, pentru prima data de cand turnul era tanar."
EPILOGUE_DARK_CATHEDRAL,"The Hollow in the Nave is empty at last. The cathedral's bells find nothing left to ring for.","Golul din naos e in sfarsit gol. Clopotele catedralei nu mai gasesc pentru ce sa sune."
EPILOGUE_FROZEN_FORTRESS,"The Warlord of the Long Winter kneels, and the frost that followed him kneels with him. The fortress thaws by one degree.","Razboinicul Iernii Lungi ingenuncheaza, iar gerul care l-a urmat ingenuncheaza odata cu el. Fortareata se dezgheata cu un grad."
EPILOGUE_POISON_SWAMP,"The Devourer in the Reeds stops feeding. The water clears, for now, of everything it grew.","Devoratorul din Trestii nu mai devoreaza. Apa se limpezeste, deocamdata, de tot ce a crescut."
EPILOGUE_GLACIAL_HOLLOW,"The Last of the Long Watch stands down. Nothing keeps the hollow's vigil anymore, which is its own kind of quiet.","Ultimul din Garda Lunga se retrage. Nimic nu mai tine veghea golului, ceea ce e o liniste aparte."
EPILOGUE_IRON_VAULT,"The Assembly That Never Adjourned finally adjourns. The vault's iron doors, for once, have nothing left to guard.","Adunarea Care Nu S-a Incheiat Niciodata se incheie in sfarsit. Usile de fier ale seifului, pentru o data, n-au nimic de pazit."
EPILOGUE_PRISM_DEPTHS,"The Keeper of a Silent Choir sings once, and stops. The prism depths hold that last note and let it go.","Pazitorul unui Cor Tacut canta o data, si se opreste. Adancurile de prisma tin ultima nota si o lasa sa plece."
EPILOGUE_VENOM_MIRE,"What the Water Grew Around is finally pulled free. The mire is only water again, for a while.","Ce a Crescut Apa in Jurul Lui e in sfarsit smuls afara. Mlastina e din nou doar apa, pentru o vreme."
EPILOGUE_UMBRAL_CHAPEL,"The Last to Leave the Chapel finally leaves it. The umbral chapel stands empty, doors open, for the first time in the tower's memory.","Ultimul Care Pleaca din Capela pleaca in sfarsit. Capela umbrei sta goala, cu usile deschise, pentru prima data in memoria turnului."
WAVES_WAVE_ACTIVE,Wave {wave} — clear all enemies.,Valul {wave} — curăță toți dușmanii.
WAVES_VICTORY_PICK,Victory! Choose up to 3 items to keep:,Victorie! Alege până la 3 obiecte de păstrat:
WAVES_PICK_AT_LEAST_ONE,Pick at least one reward,Alege cel puțin o recompensă
ENDLESS_CONTINUE,Continue endless run (floor {floor}). {record},Continuă trecerea fără sfârșit (etajul {floor}). {record}
ENDLESS_INTRO,The stair does not end. {record},Scara nu se termină. {record}
ENDLESS_NO_SKIP,Nothing here will carry you deeper. Begin at floor 1.,Nimic de aici nu te duce mai adânc. Începe la etajul 1.
ENDLESS_CHOOSE_STAIR,Choose a stair. Nothing you have earned this run comes with you.,Alege o scară. Nimic din ce ai câștigat în trecerea asta nu vine cu tine.
ENDLESS_DESCEND_TO,Descend to floor {floor},Coboară la etajul {floor}
WAVES_MENU_CONTINUE,Continue waves run (wave {wave}).,Continuă trecerea prin valuri (valul {wave}).
WAVES_MENU_INTRO,"Open 6 chests, survive 50 waves.","Deschide 6 cufere, supraviețuiește 50 de valuri."
QUEST_TRACKER_LINE,{title} — {detail},{title} — {detail}
QUEST_TRACKER_PRIMARY,★ {title},★ {title}
QUEST_TRACK_PRIMARY_ACTION,Track primary,Urmărește principală
QUEST_TRACKED_PRIMARY_ACTION,Primary tracked,Principală urmărită
QUEST_TRACK_SECONDARY_ACTION,Track secondary,Urmărește secundară
QUEST_UNTRACK_SECONDARY_ACTION,Untrack secondary,Nu mai urmări secundara
QUEST_TRACK_PRIMARY_SET,Primary objective tracked.,Obiectivul principal este urmărit.
QUEST_TRACK_SECONDARY_SET,Secondary objective updated.,Obiectivul secundar a fost actualizat.
QUEST_TRACK_SECONDARY_FULL,You can track only two secondary objectives.,Poți urmări doar două obiective secundare.
QUEST_PROGRESS_TOAST,{title} {count}/{required},{title} {count}/{required}
ACHIEVEMENT_TOAST,Achievement: {name},Realizare: {name}
LOOT_TOAST,{name},{name}
RESULTS_BEST_HIT,Biggest hit: {amount}.,Cea mai mare lovitură: {amount}.
RESULTS_HIT_BACKSTAB,backstab,pe la spate
RESULTS_HIT_CRIT,critical,critică
HUD_XP_GRANTED,+{xp} XP,+{xp} XP
HUD_DEPTH_RECORD,New deepest descent: floor {floor}.,Cea mai adâncă coborâre: etajul {floor}.
HUD_DEPTH_RECORD_TOKENS,New deepest descent: floor {floor} — {tokens} descent tokens.,Cea mai adâncă coborâre: etajul {floor} — {tokens} jetoane.
HUD_MILESTONE,Milestone reached: {name}.,Reper atins: {name}.
LOCK_NEEDS_KEYS,This lock needs {count} keys.,Lacătul are nevoie de {count} chei.
LOCK_NEEDS_KEY,You need the {key}.,Ai nevoie de {key}.
LOCK_UNLOCK_ACTION,Unlock ({key}),Descuie ({key})
STAIR_PACT_LABEL,Descend to floor {floor} -- {pact} ({desc}),Coboara la etajul {floor} -- {pact} ({desc})
STAIR_MENU_TITLE,Stair Lever,Maneta scării
UI_HINT_CLOSE,Esc to close,Esc pentru închidere
UI_ACTION,Action,Acțiune
PACT_DELTA_ADDED,+ {modifier},+ {modifier}
PACT_DELTA_REMOVED,− {modifier},− {modifier}
PACT_FLOOR_REWARD,Reward this floor: {rewards},Recompensă în acest etaj: {rewards}
MODIFIER_DESC_ELITE_PACKS,Elite packs — some rooms keep a stronger one.,Grupuri de elită — unele încăperi păstrează un adversar mai puternic.
MODIFIER_DESC_ELITE_VIGIL,Vigil — a warden walks every floor.,Veghe — un străjer cutreieră fiecare etaj.
MODIFIER_DESC_ARMOURED_FOES,Armoured — tougher and slower to swing.,Înarmați — mai rezistenți și mai lenți la atac.
MODIFIER_DESC_FRENZIED_FOES,Frenzied — they recover between blows far quicker.,Frenetici — își revin mult mai repede între lovituri.
MODIFIER_DESC_VOLATILE_FOES,Volatile — thinner and they hit far harder.,Instabili — au mai puțină viață și lovesc mult mai tare.
MODIFIER_DESC_RELENTLESS_FOES,Relentless — they close the distance and do not stop.,Necruțători — se apropie și nu se opresc.
MODIFIER_DESC_NO_REST,No rest — the hearths have gone out.,Fără odihnă — vetrele s-au stins.
MODIFIER_DESC_STARVED_HEARTH,Starved hearth — what rest remains gives little back.,Vatră sărăcită — puțina odihnă rămasă oferă foarte puțin.
MODIFIER_DESC_SEALED_DOORS,Sealed doors — every lock takes two keys.,Uși pecetluite — fiecare lacăt cere două chei.
MODIFIER_DESC_BARRED_WAYS,Barred ways — more of the floor is locked away.,Căi zăvorâte — mai mult din etaj este inaccesibil.
MODIFIER_DESC_FOG_OF_WAR,Unlit — the map learns nothing you have not walked.,Neluminat — harta nu dezvăluie locurile pe care nu le-ai străbătut.
MODIFIER_DESC_HOSTILE_HALLS,Hostile halls — the quiet rooms are gone.,Coridoare ostile — încăperile liniștite au dispărut.
MODIFIER_DESC_THICK_TRAPS,Old malice — the floor is laid with traps.,Răutate veche — etajul este plin de capcane.
MODIFIER_DESC_NO_MERCHANT,No market — nobody trades this deep.,Fără negoț — nimeni nu mai face comerț atât de adânc.
MODIFIER_DESC_RICH_VEINS,Rich veins — the vaults hold more.,Vene bogate — bolțile ascund mai multe bogății.
MODIFIER_DESC_BOSS_HOARD,Hoard — the floor boss keeps something worth taking.,Comoară — șeful etajului păstrează ceva ce merită luat.
CONTENT_QUIET_HALLS_NAME,Quiet Halls,Săli Liniștite
CONTENT_QUIET_HALLS_DESCRIPTION,Fewer things awake below. The floor keeps its treasure.,Mai puține făpturi se trezesc dedesubt. Etajul își păstrează comoara.
CONTENT_QUIET_HALLS_GAIN,Thinner ranks.,Rânduri mai rare.
CONTENT_QUIET_HALLS_COST,No pact reward.,Fără recompensă de pact.
CONTENT_CURSED_DEPTHS_NAME,Cursed Depths,Adâncuri Blestemate
CONTENT_CURSED_DEPTHS_DESCRIPTION,Wardens walk the floor below; they are worth opening.,Străjerii patrulează etajul următor și merită înfruntați.
CONTENT_CURSED_DEPTHS_GAIN,Richer vaults.,Bolți mai bogate.
CONTENT_CURSED_DEPTHS_COST,A warden on every floor.,Un străjer la fiecare etaj.
CONTENT_STARVED_ROAD_NAME,The Starved Road,Drumul Înfometat
CONTENT_STARVED_ROAD_DESCRIPTION,No hearth will take below. What you carry, you carry.,Nicio vatră nu te va primi mai jos. Ce porți cu tine, rămâne cu tine.
CONTENT_STARVED_ROAD_GAIN,The floor boss keeps a hoard.,Șeful etajului păstrează o comoară.
CONTENT_STARVED_ROAD_COST,No rest.,Fără odihnă.
CONTENT_BARRED_DESCENT_NAME,Barred Descent,Coborâre Zăvorâtă
CONTENT_BARRED_DESCENT_DESCRIPTION,The doors below have been kept shut a long time.,Ușile de dedesubt au rămas închise de multă vreme.
CONTENT_BARRED_DESCENT_GAIN,More sealed vaults and more within.,Mai multe bolți pecetluite și mai multe bogății în ele.
CONTENT_BARRED_DESCENT_COST,More locks between you and the stair.,Mai multe lacăte între tine și scară.
CONTENT_UNLIT_WAY_NAME,The Unlit Way,Calea Neluminată
CONTENT_UNLIT_WAY_DESCRIPTION,You will not be given a map of what is below.,Nu vei primi o hartă a locurilor de dedesubt.
CONTENT_UNLIT_WAY_GAIN,The boss keeps a hoard.,Șeful păstrează o comoară.
CONTENT_UNLIT_WAY_COST,The floor stays dark on the map.,Etajul rămâne întunecat pe hartă.
CONTENT_HUNTED_NAME,Hunted,Vânat
CONTENT_HUNTED_DESCRIPTION,Whatever is below has already started moving toward you.,Orice se află dedesubt a pornit deja în căutarea ta.
CONTENT_HUNTED_GAIN,Richer vaults and the hearths stay lit.,Bolți mai bogate și vetre care rămân aprinse.
CONTENT_HUNTED_COST,They are faster and they do not stop.,Sunt mai iuți și nu se opresc.
CONTENT_IRON_PENANCE_NAME,Iron Penance,Pocăință de Fier
CONTENT_IRON_PENANCE_DESCRIPTION,Everything below is armoured; slow and patient.,Tot ce se află dedesubt este înarmat, lent și răbdător.
CONTENT_IRON_PENANCE_GAIN,They are slower. The boss keeps a hoard.,Sunt mai lenți. Șeful păstrează o comoară.
CONTENT_IRON_PENANCE_COST,Armour and old malice underfoot.,Armură și răutate veche sub picioare.
RELIC_OFFER_FUTURE_BUILD,Future build: needs {statuses},Viitoarea construcție are nevoie de: {statuses}
RELIC_OFFER_READY_NOW,Ready now,Gata acum
WAVES_STARTER_TITLE,Choose a starting weapon,Alege o armă de început
CONTENT_BLEED_NAME,Bleed,Sângerare
CONTENT_BLEED_DESCRIPTION,Wounds that will not close. Pressure them until the body gives.,Răni care nu se închid. Apasă până când trupul cedează.
CONTENT_BURN_NAME,Burn,Arsură
CONTENT_BURN_DESCRIPTION,It feeds on what it finds. The longer it holds, the hungrier it grows.,Se hrănește cu ce găsește. Cu cât persistă, cu atât devine mai înfometată.
CONTENT_FOCUS_NAME,Clarity,Claritate
CONTENT_FOCUS_DESCRIPTION,Everything is where you left it, for a while.,Pentru o vreme, totul rămâne așa cum l-ai lăsat.
CONTENT_FREEZE_NAME,Frostbite,Degerătură
CONTENT_FREEZE_DESCRIPTION,The cold settles in the joints, then breaks them when it leaves.,Frigul se așază în încheieturi, apoi le sfărâmă când pleacă.
CONTENT_POISON_NAME,Poison,Venin
CONTENT_POISON_DESCRIPTION,Slow to take, slower to leave. It sheds one hold at a time.,Se instalează încet și pleacă și mai greu. Slăbește câte o treaptă pe rând.
CONTENT_RESOLVE_NAME,Resolve,Hotărâre
CONTENT_RESOLVE_DESCRIPTION,Not healing. Only the refusal to worsen.,Nu vindecă. Doar refuză să te lase să te înrăutățești.
CONTENT_STONESKIN_NAME,Stillness,Nemișcare
CONTENT_STONESKIN_DESCRIPTION,You are harder to move than you were.,Ești mai greu de clintit decât înainte.
CONTENT_STUN_NAME,Stun,Năucire
CONTENT_STUN_DESCRIPTION,A moment taken from you, and given to whoever took it.,O clipă smulsă de la tine și dăruită celui care ți-a luat-o.
CONTENT_SWIFTNESS_NAME,Quickening,Iuțire
CONTENT_SWIFTNESS_DESCRIPTION,The floor gives back a little of what it takes.,Etajul îți înapoiază puțin din ceea ce îți ia.
CONTENT_TORPOR_NAME,Torpor,Amorțeală
CONTENT_TORPOR_DESCRIPTION,The limbs answer late, then not at all, then late again.,Membrele răspund târziu, apoi deloc, apoi iar târziu.
STAIR_ASCEND_LABEL,Ascend to floor {floor},Urca la etajul {floor}
STAIR_DESCEND_LABEL,Descend to floor {floor},Coboara la etajul {floor}
STAIR_RETREAT_LABEL,Retreat to the hub,Retrage-te in oras
STAIR_SEALED,Sealed -- defeat the floor boss,Sigilat -- infrange sefull etajului
STAIR_LABEL,Stairs -- floor {floor},Scari -- etajul {floor}
STAIR_ASCEND_REASON_HIGHEST,Ascend -- floor {floor} is the highest,Urca -- etajul {floor} este cel mai inalt
STAIR_ASCEND_REASON_UNAVAILABLE,Ascend -- unavailable,Urca -- indisponibil
STAIR_DESCEND_REASON_LOWEST,Descend -- floor 1 is the lowest,Coboara -- etajul 1 este cel mai jos
STAIR_DESCEND_REASON_ENDLESS,Descend -- not available in endless mode,Coboara -- indisponibil in modul nesfarsit
STAIR_DESCEND_REASON_UNAVAILABLE,Descend -- unavailable,Coboara -- indisponibil
STAIR_RETREAT_REASON_MODE,Retreat -- not available in this mode,Retragere -- indisponibila in acest mod
STAIR_RETREAT_REASON_BOSS,Retreat -- defeat the boss first,Retragere -- infrange mai intai seful
KEY_RED,Red Key,Cheia Rosie
KEY_BLUE,Blue Key,Cheia Albastra
KEY_YELLOW,Yellow Key,Cheia Galbena
KEY_GENERIC,Key,Cheie
SHORTCUT_WRONG_SIDE,This won't open from this side.,Nu se deschide din partea aceasta.
WARN_FELL,You fell out of the world.,Ai căzut din lume.
SHORTCUT_OPEN_PROMPT,E — Open shortcut,E — Deschide scurtătura
SHORTCUT_BARRED,Barred from this side,Blocată din partea aceasta
SMITH_UPGRADE_PATH,Upgrade path,Cale de îmbunătățire
SMITH_SET_PATH,Set Path,Alege calea
SMITH_MARK_RULE_SOURCE,Mark Rule Source,Marchează sursa
SMITH_TRANSFER_RULE,Transfer Rule,Transferă regula
SMITH_CONVERT,Convert,Conversie
RECOVERY_TITLE,Save Could Not Be Read,Salvarea nu a putut fi citită
RECOVERY_BODY,Your save and every backup failed to load ({reason}). Nothing has been deleted.,Salvarea ta și toate copiile de rezervă au eșuat la încărcare ({reason}). Nimic nu a fost șters.
RECOVERY_KEPT_AT,A copy was kept at {path},O copie a fost păstrată la {path}
RECOVERY_KEEP,Keep the file and continue,Păstrează fișierul și continuă
RECOVERY_START_FRESH,Discard it and start fresh,Renunță și începe din nou
ASPECT_EMBER_VIGIL,Ember Vigil,Veghea Jarului
ASPECT_EMBER_VIGIL_DESC,"Banked low, kept all night, never quite out.","Pus la păstrare, ținut toată noaptea, niciodată stins de tot."
ASPECT_VERDANT_CREEP,Verdant Creep,Năpădirea Verde
ASPECT_VERDANT_CREEP_DESC,"Green takes a ruin back slowly, then all at once.","Verdele ia ruina înapoi încet, apoi dintr-odată."
ASPECT_TIDEWATER_GREY,Tidewater,Apa Mareei
ASPECT_TIDEWATER_GREY_DESC,The colour of a coast that keeps what it takes.,Culoarea unui țărm care păstrează ce ia.
ASPECT_ORCHID_WAKE,Orchid Wake,Priveghi de Orhidee
ASPECT_ORCHID_WAKE_DESC,Flowers left too long on a stone with no name.,Flori lăsate prea mult pe o piatră fără nume.
ASPECT_RUST_PILGRIM,Rust Pilgrim,Pelerinul Ruginii
ASPECT_RUST_PILGRIM_DESC,Armour that has walked further than it has fought.,Armură care a mers mai mult decât s-a luptat.
ASPECT_BRONZE_RELICT,Bronze Relict,Rămășiță de Bronz
ASPECT_BRONZE_RELICT_DESC,Older than the castle. It was buried with someone.,Mai veche decât castelul. A fost îngropată cu cineva.
ASPECT_JADE_CENSER,Jade Censer,Cădelnița de Jad
ASPECT_JADE_CENSER_DESC,Smoke-stained green from a rite nobody finished.,Verde afumat de la un ritual pe care nu l-a terminat nimeni.
ASPECT_INDIGO_COMPACT,Indigo Compact,Pactul Indigo
ASPECT_INDIGO_COMPACT_DESC,Worn by those who agreed never to say what for.,Purtat de cei care s-au înțeles să nu spună niciodată pentru ce.
ASPECT_PLUM_MOURNING,Plum Mourning,Doliu Prună
ASPECT_PLUM_MOURNING_DESC,"Mourning dress, for a house that no longer counts.","Straie de doliu, pentru o casă care nu mai contează."
ASPECT_CINDER_MARCH,Cinder March,Marșul Cenușii
ASPECT_CINDER_MARCH_DESC,Everything downwind of a fire looks like this.,Tot ce e sub vântul unui foc arată așa.
ASPECT_MOSS_QUIET,Moss Quiet,Liniște de Mușchi
ASPECT_MOSS_QUIET_DESC,What grows on a warden who stood still long enough.,Ce crește pe un străjer care a stat destul de mult nemișcat.
ASPECT_AZURE_LANTERN,Azure Lantern,Felinarul Azuriu
ASPECT_AZURE_LANTERN_DESC,The one light that does not gutter in the deep.,Singura lumină care nu pâlpâie în adânc.
ASPECT_AMETHYST_WARD,Amethyst Ward,Pavăza de Ametist
ASPECT_AMETHYST_WARD_DESC,Cut against dreaming. It did not work.,Tăiată împotriva visării. N-a funcționat.
ASPECT_SAFFRON_HERALD,Saffron Herald,Vestitorul de Șofran
ASPECT_SAFFRON_HERALD_DESC,Loud enough to be seen coming. That is the point.,Destul de strident cât să fii văzut venind. Asta e ideea.
TALENTS_BLOCKED_BY,Closed off by: %s,Blocat de: %s
TALENTS_CLOSES_OFF,Taking this closes: %s,Alegerea aceasta închide: %s
WAVES_CASH_OUT_INTRO,The summoner will send you home. Everything you do not bank stays in the Vigil.,Invocatorul te va trimite acasă. Tot ce nu salvezi rămâne în Veghe.
WAVES_CASH_OUT_EMPTY,The summoner waits. You are carrying nothing worth taking.,Invocatorul așteaptă. Nu duci nimic care să merite luat.
WAVES_CASH_OUT_CONFIRM,Take it and leave,Ia-l și pleacă
WAVES_CASH_OUT_STAY,Stay in the Vigil,Rămâi în Veghe
WAVES_CASH_OUT_PICK_HINT,Choose the one thing you are walking out with.,Alege singurul lucru cu care pleci.
WAVES_CASH_OUT_PICK_HINT_MULTI,Choose up to {count} things you are walking out with.,Alege până la {count} lucruri cu care pleci.
WAVES_CASH_OUT_RISK,Bank {bank} of {total} -- the other {lost} are lost if you fall.,Salvezi {bank} din {total} -- restul de {lost} se pierd dacă cazi.
WAVES_CASH_OUT_BEST,Best Vigil so far: wave {wave}.,Cea mai bună Veghe de până acum: valul {wave}.
WAVES_SUMMONER_NAME,The Summoner,Invocatorul
WAVES_PORTAL_OFFER_ONE,leave with one thing,pleacă cu un lucru
WAVES_PORTAL_OFFER_MANY,leave with up to {count} things,pleacă cu până la {count} lucruri
WAVES_LOBBY_PORTAL_ONE,The summoner's portal is open. He will send one thing home with you.,Portalul invocatorului este deschis. El va trimite un lucru acasă cu tine.
WAVES_LOBBY_PORTAL_MANY,The summoner's portal is open. He will send up to {count} things home with you.,Portalul invocatorului este deschis. El va trimite până la {count} lucruri acasă cu tine.
WAVES_CASH_OUT_FAILED,The summoner could not bank that selection. Your Vigil remains active.,Invocatorul nu a putut salva selecția. Veghea ta rămâne activă.
WAVES_REWARD_EQUIPPED,{item} (equipped),{item} (echipat)
WAVES_REWARD_BANK_FAILED,Those rewards do not fit in storage. Make another selection.,Recompensele nu încap în depozit. Alege din nou.
REST_PROMPT_FULL,Rest: restore health stamina supplies and clear ailments; enemies return.,Odihnă: refaci viața rezistența proviziile și elimini afecțiunile; inamicii revin.
REST_PROMPT_STARVED,Rest: restore half health and stamina and clear ailments; supplies do not refill and enemies return.,Odihnă: refaci jumătate din viață și rezistența și elimini afecțiunile; proviziile nu se refac iar inamicii revin.
REST_PROMPT_DISABLED,This hearth is cold. Rest is disabled.,Această vatră este rece. Odihna este dezactivată.
REST_DISABLED_WARNING,The No Rest modifier keeps this hearth cold.,Modificatorul Fără odihnă menține această vatră rece.
QUEST_OBJECTIVE_ESCAPE,Escape alive,Evadați în viață
QUEST_OBJECTIVE_DEPTH,Reach depth {depth},Ajungeți la adâncimea {depth}
QUEST_HAND_IN,Hand in,Livrează
QUEST_HAND_IN_COMPLETE,Delivery complete.,Livrare finalizată.
QUEST_HAND_IN_FAILED,You do not have the full delivery.,Nu ai întreaga livrare.
ARROW_REGEN_TOOLTIP,Arrows recover after six seconds without shooting or taking damage.,Săgețile se refac după șase secunde fără a trage sau a suferi daune.
RESULTS_DESCEND_AGAIN,Descend again,Coboară din nou
RESULTS_VIGIL_AGAIN,Stand the Vigil again,Stai din nou de Veghe
RESULTS_LONG_DARK_AGAIN,Back into the Long Dark,Înapoi în Bezna Lungă
RESULTS_VAULT_HEADER,Added to the vault:,Adăugat în seif:
RESULTS_VAULT_IMPACT_RELIC,Added to future relic offers.,Adăugată în ofertele viitoare de relicve.
RESULTS_VAULT_IMPACT_ITEM,Added to future item drops.,Adăugat la recompensele viitoare cu obiecte.
RESULTS_VAULT_IMPACT_PACT,Added to future pact choices.,Adăugat la alegerile viitoare de pact.
RESULTS_VAULT_IMPACT_GENERIC,Added to future run content.,Adăugat în conținutul viitoarelor expediții.
VAULT_PROGRESS,Vault %d/%d,Seif %d/%d
INV_STATS_TITLE,Warden,Veghetor
INV_STATS_EMPTY,Nothing equipped.,Nimic echipat.
UMBRAL_RECOVER_XP,Recover it ({xp} XP),Recuperează-l ({xp} XP)
UMBRAL_RECOVER_XP_GOLD,"Recover it ({xp} XP, {gold} gold)","Recuperează-l ({xp} XP, {gold} aur)"
UMBRAL_TITLE,The Umbral,Umbralul
UMBRAL_SUBTITLE,What the last warden left here has not finished sounding.,Ce a lăsat ultimul gardian aici încă nu a terminat de răsunat.
UMBRAL_LISTEN,Take the umbral instead — leave what it was carrying,Ia umbralul în schimb — lasă ce ducea
UMBRAL_HINT,Taking the umbral spends what was staked here and offers a relic for the rest of this run.,Luarea umbralului consumă ce a fost pus aici și oferă o relicvă pentru restul acestei incursiuni.
UMBRAL_LEAVE,Leave it sounding,Lasă-l să răsune
QUALITY_CHIPPED,Chipped,Ciobit
QUALITY_DULL,Dull,Tocit
QUALITY_BALANCED,Balanced,Echilibrat
QUALITY_KEEN,Keen,Ascutit
QUALITY_MASTERFORGED,Masterforged,Faurit Maiestrit
QUALITY_BATTERED,Battered,Lovit
QUALITY_WORN,Worn,Uzat
QUALITY_STURDY,Sturdy,Trainic
QUALITY_REINFORCED,Reinforced,Intarit
QUALITY_MASTERWROUGHT,Masterwrought,Lucrat Maiestrit
QUALITY_TARNISHED,Tarnished,Innegrit
QUALITY_CLOUDED,Clouded,Tulbure
QUALITY_POLISHED,Polished,Lustruit
QUALITY_GLEAMING,Gleaming,Stralucitor
QUALITY_BRILLIANT,Brilliant,Nestemat
STAT_ATTACK_SPEED,Attack Speed,Viteză de atac
INV_CONDITION,Condition:,Stare:
HUB_GROWTH_ANNOUNCE,New in the tower: {names}.,Nou în turn: {names}.
PUZZLE_SOLVED,Solved.,Rezolvat.
INV_DAMAGE_PREVIEW,Opening light (base stance): {before} → {after} ({delta}),Lovitură ușoară inițială (poziție de bază): {before} → {after} ({delta})
INV_DAMAGE_PREVIEW_SCOPE,Before target resistance; excludes critical hits and temporary combat effects.,Înainte de rezistența țintei; nu include lovituri critice sau efecte temporare de luptă.
INV_DAMAGE_CAP_NOTE,Flat gear bonus capped at twice this move's base damage.,Bonusul fix de echipament este plafonat la dublul daunelor de bază ale acestei mișcări.
CONTENT_EMBER_EXPEDITION_NAME,Ember Expedition,Expediția Jarului
CONTENT_EMBER_EXPEDITION_DESCRIPTION,"Three floors. Choose your relics, find the keys, and defeat the final warden. Keep your loot if you escape.","Trei etaje. Alege relictele găsite și înfruntă străjerul final. Păstrează prada dacă scapi."
CONTENT_EMBER_EXPEDITION_FLAVOUR,The village hearth is fading. Bring a living ember back from the halls below.,Vatra satului se stinge. Adu un jar viu din sălile de dedesubt.
CONTENT_BOSS_RUSH_NAME,Vigil of Wardens,Priveghiul Străjerilor
CONTENT_BOSS_RUSH_DESCRIPTION,"Five floors, a warden on each, and nothing between them worth stopping for.","Cinci etaje și câte un străjer pe fiecare. Nimic între ei nu merită oprirea."
CONTENT_BOSS_RUSH_FLAVOUR,They stopped posting sentries. There was no longer anything to warn.,Au încetat să mai pună santinele. Nu mai rămăsese nimic de vestit.
CONTENT_GAUNTLET_NAME,The Long Gauntlet,Mănușa Lungă
CONTENT_GAUNTLET_DESCRIPTION,"Ten floors, no hearths, and the halls get worse the further down you go.","Zece etaje fără vetre, iar sălile se înrăutățesc pe măsură ce cobori."
CONTENT_GAUNTLET_FLAVOUR,A straight road. That is the whole of the cruelty.,Un drum drept. Asta-i toată cruzimea.
CONTENT_IRONMAN_NAME,One Life,O Singură Viață
CONTENT_IRONMAN_DESCRIPTION,"Descend as far as you can. There is no second attempt on this character.","Coboară cât de departe poți. Acest personaj nu primește o a doua încercare."
CONTENT_IRONMAN_FLAVOUR,"Whatever you were carrying, you are carrying it for the last time.","Orice ai purtat până acum, îl porți pentru ultima oară."
MODE_UNLOCK_SHORTFALL,Locked — %d %s (you have %d),Blocat — %d %s (ai %d)
MODE_RULE_FLOORS,%d floors.,%d etaje.
MODE_RULE_PERMADEATH,No bonfire return — where you fall the run ends.,Fără întoarcere la vatră — unde cazi se încheie coborârea.
MODE_RULE_SCORE_TIME,Scored by how fast you finish.,Scorul depinde de cât de repede termini.
MODE_RULE_SCORE_KILLS,Scored by how much you kill.,Scorul depinde de câți inamici răpui.
MODE_RULE_SCORE_DEPTH,Scored by how deep you get.,Scorul depinde de cât de adânc cobori.
MODE_RULE_ESCALATION,The rules harden as you descend.,Regulile devin mai aspre pe măsură ce cobori.
PROGRESS_DUNGEONS_CLEARED,halls cleared,săli încheiate
PROGRESS_MAX_TIER,depth unlocked,adâncime deblocată
PROGRESS_BESTIARY_STUDIED,quarry studied,prăzi studiate
PROGRESS_BESTIARY_MASTERED,quarry mastered,prăzi stăpânite
PROGRESS_ENDLESS_BEST,deepest descent,coborârea cea mai adâncă
PROGRESS_BOUNTY_TOKENS,bounty tokens,jetoane de recompensă
PROGRESS_DESCENT_TOKENS,descent tokens,jetoane de coborâre
PROGRESS_RUNS_RECORDED,runs recorded,coborâri înregistrate
INPUT_ACTION_DODGE,Dodge,Evitare
INPUT_ACTION_SPRINT,Sprint,Alergare
INPUT_ACTION_LOCK_ON,Lock on,Fixează ținta
INPUT_ACTION_INVENTORY,Inventory,Inventar
INPUT_ACTION_INTERACT,Interact,Interacțiune
INPUT_ACTION_JUMP,Jump,Salt
INPUT_ACTION_PAUSE,Pause,Pauză
INPUT_ACTION_WEAPON_ART,Weapon art,Artă a armei
INPUT_ACTION_QUICK_SLOT_CYCLE,Cycle quick slot,Schimbă slotul rapid
INPUT_ACTION_QUICK_SLOT_USE,Use quick slot,Folosește slotul rapid
INPUT_ACTION_SPLIT_STACK,Split stack,Împarte teancul
INPUT_ACTION_CONFIRM,Confirm,Confirmă
INPUT_ACTION_CLOSE,Close,Închide
ACHIEVEMENT_STATUS_UNLOCKED,Unlocked,Deblocată
ACHIEVEMENT_STATUS_LOCKED,Locked,Încuiată
CONTENT_FIRST_BLOOD_NAME,First Blood,Primul sânge
CONTENT_FIRST_BLOOD_DESCRIPTION,Defeat your first enemy.,Învinge primul inamic.
CONTENT_CASTLE_CLEAR_NAME,Castle Conqueror,Cuceritorul Castelului
CONTENT_CASTLE_CLEAR_DESCRIPTION,Clear Forgotten Castle.,Curăță Castelul Uitat.
CONTENT_CRYSTAL_CLEAR_NAME,Crystal Sovereign,Suveranul Cristalului
CONTENT_CRYSTAL_CLEAR_DESCRIPTION,Clear Crystal Caverns.,Curăță Cavernele de Cristal.
CONTENT_SWAMP_CLEAR_NAME,Swamp Survivor,Supraviețuitorul Mlaștinii
CONTENT_SWAMP_CLEAR_DESCRIPTION,Clear Poison Swamp.,Curăță Mlaștina Otrăvită.
CONTENT_FROZEN_CLEAR_NAME,Frostbreaker,Sfărâmătorul Gheții
CONTENT_FROZEN_CLEAR_DESCRIPTION,Clear Frozen Fortress.,Curăță Fortăreața Înghețată.
CONTENT_CATHEDRAL_CLEAR_NAME,Hollow Light,Lumină Goală
CONTENT_CATHEDRAL_CLEAR_DESCRIPTION,Clear Dark Cathedral.,Curăță Catedrala Întunecată.
CONTENT_BOSS_SLAYER_NAME,Boss Slayer,Ucigaș de Șefi
CONTENT_BOSS_SLAYER_DESCRIPTION,Defeat any biome boss.,Învinge un șef de biom.
CONTENT_ALL_BIOMES_NAME,World Walker,Călător prin Lumi
CONTENT_ALL_BIOMES_DESCRIPTION,Clear all five EA biomes.,Curăță toate cele cinci biome EA.
CONTENT_NO_DAMAGE_BOSS_NAME,Untouchable,De Neatins
CONTENT_NO_DAMAGE_BOSS_DESCRIPTION,Defeat a boss without taking damage.,Învinge un șef fără să primești daune.
CONTENT_SPEED_CLEAR_NAME,Swift Escape,Evadare Iute
CONTENT_SPEED_CLEAR_DESCRIPTION,Complete a run in under 15 minutes.,Termină o coborâre în mai puțin de 15 minute.
CONTENT_EPIC_LOOT_NAME,Epic Find,Descoperire Epică
CONTENT_EPIC_LOOT_DESCRIPTION,Obtain an epic rarity item.,Obține un obiect de raritate epică.
CONTENT_LEGENDARY_LOOT_NAME,Legendary Hoard,Tezaur Legendar
CONTENT_LEGENDARY_LOOT_DESCRIPTION,Obtain a legendary rarity item.,Obține un obiect de raritate legendară.
CONTENT_AUMBRAL_LOOT_NAME,Aumbral Claim,Pradă Umbrală
CONTENT_AUMBRAL_LOOT_DESCRIPTION,Obtain an aumbral rarity item.,Obține un obiect de raritate umbrală.
CONTENT_FULL_EQUIP_NAME,Fully Armed,Înarmat Complet
CONTENT_FULL_EQUIP_DESCRIPTION,Equip items in every slot.,Echipează obiecte în fiecare slot.
CONTENT_TALENT_SPENDER_NAME,Talented,Talentat
CONTENT_TALENT_SPENDER_DESCRIPTION,Spend 10 talent points.,Cheltuie 10 puncte de talent.
CONTENT_MERCHANT_FRIEND_NAME,Regular Customer,Client Fidel
CONTENT_MERCHANT_FRIEND_DESCRIPTION,Buy 10 items from the merchant.,Cumpără 10 obiecte de la negustor.
CONTENT_BLACKSMITH_PATRON_NAME,Forgemaster Friend,Prietenul Făurarului
CONTENT_BLACKSMITH_PATRON_DESCRIPTION,Craft 5 items at the blacksmith.,Creează 5 obiecte la fierar.
CONTENT_QUEST_COMPLETE_NAME,Questing Soul,Suflet Căutător
CONTENT_QUEST_COMPLETE_DESCRIPTION,Complete 5 quests.,Finalizează 5 misiuni.
CONTENT_ARENA_VICTOR_NAME,Arena Victor,Învingătorul Arenei
CONTENT_ARENA_VICTOR_DESCRIPTION,Win an arena duel.,Câștigă un duel în arenă.
CONTENT_PARRY_MASTER_NAME,Parry Master,Maestru al Parării
CONTENT_PARRY_MASTER_DESCRIPTION,Parry 50 attacks.,Parază 50 de atacuri.
CONTENT_DODGE_ARTIST_NAME,Dodge Artist,Artist al Eschivei
CONTENT_DODGE_ARTIST_DESCRIPTION,Dodge 100 attacks.,Eschivează 100 de atacuri.
CONTENT_STATUS_APPLIER_NAME,Affliction Artist,Artist al Afecțiunilor
CONTENT_STATUS_APPLIER_DESCRIPTION,Apply 25 status effects.,Aplică 25 de efecte de stare.
CONTENT_FREEZE_MASTER_NAME,Deep Freeze,Îngheț Adânc
CONTENT_FREEZE_MASTER_DESCRIPTION,Freeze 20 enemies.,Îngheață 20 de inamici.
CONTENT_POISON_MASTER_NAME,Toxic Touch,Atingere Toxică
CONTENT_POISON_MASTER_DESCRIPTION,Poison 20 enemies.,Otrăvește 20 de inamici.
CONTENT_LEADERBOARD_SUBMIT_NAME,On the Board,Pe Tabelă
CONTENT_LEADERBOARD_SUBMIT_DESCRIPTION,Submit a clear time to the leaderboard.,Trimite un timp de finalizare pe clasament.
CONTENT_TEN_FLOOR_CLEAR_NAME,Depth Delver,Cercetător al Adâncului
CONTENT_TEN_FLOOR_CLEAR_DESCRIPTION,Clear all 10 floors of a dungeon run.,Curăță toate cele 10 etaje ale unei coborâri.
CONTENT_CULL_THE_WEAK_NAME,Cull the Weak,Seceră-i pe Slabi
CONTENT_CULL_THE_WEAK_DESCRIPTION,Defeat 25 enemies.,Învinge 25 de inamici.
CONTENT_HUNDRED_FOLD_NAME,Hundredfold,În Sută
CONTENT_HUNDRED_FOLD_DESCRIPTION,Defeat 100 enemies.,Învinge 100 de inamici.
CONTENT_GRAVEMAKER_NAME,Gravemaker,Făuritor de Morminte
CONTENT_GRAVEMAKER_DESCRIPTION,Defeat 500 enemies.,Învinge 500 de inamici.
CONTENT_THE_LONG_TALLY_NAME,The Long Tally,Socoteala Lungă
CONTENT_THE_LONG_TALLY_DESCRIPTION,Defeat 2500 enemies.,Învinge 2500 de inamici.
CONTENT_CLEAN_HANDS_NAME,Clean Hands,Mâini Curate
CONTENT_CLEAN_HANDS_DESCRIPTION,Parry 25 attacks.,Parază 25 de atacuri.
CONTENT_BLADE_READER_NAME,Blade Reader,Cititor de Lame
CONTENT_BLADE_READER_DESCRIPTION,Parry 200 attacks.,Parază 200 de atacuri.
CONTENT_UNHITTABLE_NAME,Unhittable,Neatins
CONTENT_UNHITTABLE_DESCRIPTION,Parry 1000 attacks.,Parază 1000 de atacuri.
CONTENT_LIGHT_ON_YOUR_FEET_NAME,Light on Your Feet,Ușor pe Picioare
CONTENT_LIGHT_ON_YOUR_FEET_DESCRIPTION,Dodge 50 times.,Eschivează de 50 de ori.
CONTENT_SMOKE_AND_SHADOW_NAME,Smoke and Umbral,Fum și Umbră
CONTENT_SMOKE_AND_SHADOW_DESCRIPTION,Dodge 400 times.,Eschivează de 400 de ori.
CONTENT_NEVER_THERE_NAME,Never There,Niciodată Acolo
CONTENT_NEVER_THERE_DESCRIPTION,Dodge 2000 times.,Eschivează de 2000 de ori.
CONTENT_FLAWLESS_FIVE_NAME,Flawless Five,Cinci Fără Cusur
CONTENT_FLAWLESS_FIVE_DESCRIPTION,Defeat five bosses without taking damage.,Învinge cinci șefi fără să primești daune.
CONTENT_KINDLING_NAME,Kindling,Aprindere
CONTENT_KINDLING_DESCRIPTION,Set 100 enemies alight.,Aprinde 100 de inamici.
CONTENT_RED_LEDGER_NAME,Red Ledger,Registrul Roșu
CONTENT_RED_LEDGER_DESCRIPTION,Cause 100 enemies to bleed.,Fă 100 de inamici să sângereze.
CONTENT_DEAD_WEIGHT_NAME,Dead Weight,Greutate Moartă
CONTENT_DEAD_WEIGHT_DESCRIPTION,Stun 100 enemies.,Amețește 100 de inamici.
CONTENT_EVERYTHING_HURTS_NAME,Everything Hurts,Totul Doare
CONTENT_EVERYTHING_HURTS_DESCRIPTION,Apply 500 afflictions of any kind.,Aplică 500 de afecțiuni de orice fel.
CONTENT_MAGPIE_NAME,Magpie,Coțofana
CONTENT_MAGPIE_DESCRIPTION,Collect 100 items.,Colectează 100 de obiecte.
CONTENT_HOARDER_NAME,Hoarder,Tezaurizator
CONTENT_HOARDER_DESCRIPTION,Collect 500 items.,Colectează 500 de obiecte.
CONTENT_UNCOMMON_TASTE_NAME,Uncommon Taste,Gust Neobișnuit
CONTENT_UNCOMMON_TASTE_DESCRIPTION,Find a magic item.,Găsește un obiect magic.
CONTENT_RARE_AIR_NAME,Rare Air,Aer Rar
CONTENT_RARE_AIR_DESCRIPTION,Find a rare item.,Găsește un obiect rar.
CONTENT_OPEN_A_TAB_NAME,Open a Tab,Deschide un Cont
CONTENT_OPEN_A_TAB_DESCRIPTION,Buy 25 things from the merchant.,Cumpără 25 de lucruri de la negustor.
CONTENT_BEST_CUSTOMER_NAME,Best Customer,Cel Mai Bun Client
CONTENT_BEST_CUSTOMER_DESCRIPTION,Buy 100 things from the merchant.,Cumpără 100 de lucruri de la negustor.
CONTENT_APPRENTICE_SMITH_NAME,Apprentice Smith,Ucenic Fierar
CONTENT_APPRENTICE_SMITH_DESCRIPTION,Craft 25 times at the forge.,Creează de 25 de ori la forjă.
CONTENT_MASTER_OF_THE_ANVIL_NAME,Master of the Anvil,Maestrul Nicovalei
CONTENT_MASTER_OF_THE_ANVIL_DESCRIPTION,Craft 100 times at the forge.,Creează de 100 de ori la forjă.
CONTENT_ERRAND_RUNNER_NAME,Errand Runner,Alergător de Comisioane
CONTENT_ERRAND_RUNNER_DESCRIPTION,Complete 10 quests.,Finalizează 10 misiuni.
CONTENT_THE_BOARD_IS_CLEAR_NAME,The Board Is Clear,Tabla e Curată
CONTENT_THE_BOARD_IS_CLEAR_DESCRIPTION,Complete 50 quests.,Finalizează 50 de misiuni.
CONTENT_DEEP_STUDENT_NAME,Deep Student,Student al Adâncului
CONTENT_DEEP_STUDENT_DESCRIPTION,Spend 25 talent points.,Cheltuie 25 de puncte de talent.
CONTENT_STAIRWALKER_NAME,Stairwalker,Călător pe Trepte
CONTENT_STAIRWALKER_DESCRIPTION,Take the stairs 25 times.,Folosește treptele de 25 de ori.
CONTENT_NO_WAY_BUT_DOWN_NAME,No Way But Down,Niciun Drum Decât în Jos
CONTENT_NO_WAY_BUT_DOWN_DESCRIPTION,Take the stairs 100 times.,Folosește treptele de 100 de ori.
CONTENT_LOREMASTER_NAME,Loremaster,Maestru al Cunoașterii
CONTENT_LOREMASTER_DESCRIPTION,Complete the bestiary.,Finalizează bestiarul.
CONTENT_CHAMPION_OF_THE_SAND_NAME,Champion of the Sand,Campionul Nisipurilor
CONTENT_CHAMPION_OF_THE_SAND_DESCRIPTION,Win 25 arena bouts.,Câștigă 25 de lupte în arenă.
CONTENT_TRAP_KILL_NAME,Lured,Ademenit
CONTENT_TRAP_KILL_DESCRIPTION,Kill an enemy with a trap.,Ucide un inamic cu o capcană.
CONTENT_CASTLE_IRON_NAME,Iron Oath,Jurământ de Fier
CONTENT_CASTLE_IRON_DESCRIPTION,Castle-forged plate and oathbound steel.,Plăci făurite în castel și oțel legat prin jurământ.
CONTENT_CRYSTAL_FROST_NAME,Cold Facet,Fațetă Rece
CONTENT_CRYSTAL_FROST_DESCRIPTION,Light caught in a stone that was never warm.,Lumină prinsă într-o piatră care nu a fost niciodată caldă.
CONTENT_UMBRAL_VOID_NAME,Umbral Void,Gol Umbral
CONTENT_UMBRAL_VOID_DESCRIPTION,What the chapel wore after the lamps went out.,Ce a purtat capela după ce s-au stins lămpile.
CONTENT_CATHEDRAL_GOLD_NAME,Cathedral Gold,Aur de Catedrală
CONTENT_CATHEDRAL_GOLD_DESCRIPTION,Gilt left on a thing nobody prays to now.,Aurire rămasă pe un lucru la care nimeni nu se mai roagă.
CONTENT_HUB_EMBER_NAME,Ember Watch,Straja Jăraticului
CONTENT_HUB_EMBER_DESCRIPTION,The colour of the last fire anyone kept.,Culoarea ultimului foc pe care l-a păstrat cineva.
CONTENT_SWAMP_WARDEN_NAME,Swamp Warden,Gardianul Mlaștinii
CONTENT_SWAMP_WARDEN_DESCRIPTION,Bile-green and patient. Earned in the standing water.,Verde de bilă și răbdător. Câștigat în apa stătătoare.
CONTENT_FROZEN_STEEL_NAME,Frozen Steel,Oțel Înghețat
CONTENT_FROZEN_STEEL_DESCRIPTION,Metal that keeps the cold long after the walk out.,Metal care păstrează frigul mult după drumul de ieșire.
CONTENT_VAULT_IRON_NAME,Vault Iron,Fier de Seif
CONTENT_VAULT_IRON_DESCRIPTION,"Dull, honest, and closed for a very long time.",Mat cinstit și închis de foarte mult timp.
CONTENT_PRISM_LIGHT_NAME,Prism Light,Lumină Prismă
CONTENT_PRISM_LIGHT_DESCRIPTION,"A colour that is several colours, depending on the hour.",O culoare care sunt mai multe culori în funcție de oră.
CONTENT_MIRE_VENOM_NAME,Mire Venom,Venin de Mlaștină
CONTENT_MIRE_VENOM_DESCRIPTION,Worn by those who came back up out of the mire.,Purtat de cei care s-au întors din mlaștină.
CONTENT_HOLLOW_ICE_NAME,Hollow Ice,Gheață Goală
CONTENT_HOLLOW_ICE_DESCRIPTION,Pale to the point of absence. It suits the place.,Palidă până la absență. Se potrivește locului.
CONTENT_EMBER_VIGIL_NAME,Ember Vigil,Privegherea Jăraticului
CONTENT_EMBER_VIGIL_DESCRIPTION,"Banked low, kept all night, never quite out.",Păstrat jos toată noaptea și niciodată stins de tot.
CONTENT_VERDANT_CREEP_NAME,Verdant Creep,Înaintare Verde
CONTENT_VERDANT_CREEP_DESCRIPTION,"Green takes a ruin back slowly, then all at once.",Verdele recucerește o ruină încet apoi dintr-odată.
CONTENT_TIDEWATER_GREY_NAME,Tidewater,Apa Mareei
CONTENT_TIDEWATER_GREY_DESCRIPTION,The colour of a coast that keeps what it takes.,Culoarea unei coaste care păstrează ceea ce ia.
CONTENT_ORCHID_WAKE_NAME,Orchid Wake,Trezirea Orhideei
CONTENT_ORCHID_WAKE_DESCRIPTION,Flowers left too long on a stone with no name.,Flori lăsate prea mult pe o piatră fără nume.
CONTENT_RUST_PILGRIM_NAME,Rust Pilgrim,Pelerin de Rugină
CONTENT_RUST_PILGRIM_DESCRIPTION,Armour that has walked further than it has fought.,Armură care a mers mai departe decât a luptat.
CONTENT_BRONZE_RELICT_NAME,Bronze Relict,Rămășiță de Bronz
CONTENT_BRONZE_RELICT_DESCRIPTION,Older than the castle. It was buried with someone.,Mai veche decât castelul. A fost îngropată cu cineva.
CONTENT_JADE_CENSER_NAME,Jade Censer,Cădelniță de Jad
CONTENT_JADE_CENSER_DESCRIPTION,Smoke-stained green from a rite nobody finished.,Verde pătat de fum de la un rit pe care nimeni nu l-a încheiat.
CONTENT_INDIGO_COMPACT_NAME,Indigo Compact,Pact Indigo
CONTENT_INDIGO_COMPACT_DESCRIPTION,Worn by those who agreed never to say what for.,Purtat de cei care au jurat să nu spună niciodată de ce.
CONTENT_PLUM_MOURNING_NAME,Plum Mourning,Doliu Prună
CONTENT_PLUM_MOURNING_DESCRIPTION,"Mourning dress, for a house that no longer counts.",Veșmânt de doliu pentru o casă care nu mai contează.
CONTENT_CINDER_MARCH_NAME,Cinder March,Marș de Cenușă
CONTENT_CINDER_MARCH_DESCRIPTION,Everything downwind of a fire looks like this.,Așa arată totul în bătaia vântului după un foc.
CONTENT_MOSS_QUIET_NAME,Moss Quiet,Liniștea Mușchiului
CONTENT_MOSS_QUIET_DESCRIPTION,What grows on a warden who stood still long enough.,Ce crește pe un gardian care a stat nemișcat destul de mult.
CONTENT_AZURE_LANTERN_NAME,Azure Lantern,Felinar Azuriu
CONTENT_AZURE_LANTERN_DESCRIPTION,The one light that does not gutter in the deep.,Singura lumină care nu pâlpâie în adânc.
CONTENT_AMETHYST_WARD_NAME,Amethyst Ward,Pază de Ametist
CONTENT_AMETHYST_WARD_DESCRIPTION,Cut against dreaming. It did not work.,Tăiat împotriva visării. Nu a funcționat.
CONTENT_SAFFRON_HERALD_NAME,Saffron Herald,Crainic de Șofran
CONTENT_SAFFRON_HERALD_DESCRIPTION,Loud enough to be seen coming. That is the point.,Destul de strident ca să fie văzut venind. Acesta e rostul.
CONTENT_THE_OATHKEPT_NAME,the Oathkept,cel ce și-a ținut Jurământul
CONTENT_THE_OATHKEPT_DESCRIPTION,Given to those who finished what the castle started.,Dat celor care au terminat ce a început castelul.
CONTENT_OF_THE_COLD_FACET_NAME,of the Cold Facet,al Fațetei Reci
CONTENT_OF_THE_COLD_FACET_DESCRIPTION,Spoken of anyone who walked out of the caverns.,Spus despre oricine a ieșit din caverne.
CONTENT_THE_UNABSOLVED_NAME,the Unabsolved,cel Neabsolvit
CONTENT_THE_UNABSOLVED_DESCRIPTION,The cathedral does not forgive; it only stops objecting.,Catedrala nu iartă; doar încetează să se împotrivească.
CONTENT_THE_LATE_READER_NAME,the Late Reader,cititorul târziu
CONTENT_THE_LATE_READER_DESCRIPTION,For those who kept reading after the lamp went low.,Pentru cei care au continuat să citească după ce lampa a slăbit.
CONTENT_THE_STUDIED_NAME,the Studied,cel Cercetat
CONTENT_THE_STUDIED_DESCRIPTION,Earned by knowing every thing that lives down there.,Câștigat cunoscând fiecare lucru care trăiește acolo jos.
CONTENT_THE_GATE_OPENER_NAME,the Gate-Opener,Deschizătorul Porții
CONTENT_THE_GATE_OPENER_DESCRIPTION,It was shut for a reason. You opened it anyway.,Era închisă cu un motiv. Ai deschis-o totuși.
CONTENT_THE_LAMPLIGHTER_NAME,the Lamplighter,Aprinzătorul de Lămpi
CONTENT_THE_LAMPLIGHTER_DESCRIPTION,Relit what nobody was left to relight.,A reaprins ceea ce nimeni nu mai rămăsese să aprindă.
CONTENT_THE_UNFINISHED_NAME,the Unfinished,cel Neterminat
CONTENT_THE_UNFINISHED_DESCRIPTION,Told the story to its end and stayed anyway.,A dus povestea până la capăt și totuși a rămas.
CONTENT_VAULT_PENITENT_CHAIN_NAME,Penitent Chain,Lanțul Penitentului
CONTENT_VAULT_PENITENT_CHAIN_FLAVOUR,Cut from the warden's own vigil-chain. It remembers being held.,Tăiat din propriul lanț de veghe al gardianului. Își amintește că a fost ținut.
CONTENT_VAULT_THE_NARROW_PATH_NAME,The Narrow Path,Cărarea Îngustă
CONTENT_VAULT_THE_NARROW_PATH_FLAVOUR,"Walked once, by someone who did not come back the same width.",Străbătută o dată de cineva care nu s-a întors la aceeași lățime.
CONTENT_VAULT_MOURNERS_INTEREST_NAME,Mourner's Interest,Dobânda Jelitorului
CONTENT_VAULT_MOURNERS_INTEREST_FLAVOUR,"Grief, compounding.",Durere care se adună.
CONTENT_VAULT_THE_COLD_ROOM_NAME,The Cold Room,Cămara Rece
CONTENT_VAULT_THE_COLD_ROOM_FLAVOUR,Where they laid the ones the frost took first.,Locul unde i-au așezat pe cei luați întâi de ger.
CONTENT_VAULT_ROT_IN_THE_WELL_NAME,Rot In The Well,Putregai în Fântână
CONTENT_VAULT_ROT_IN_THE_WELL_FLAVOUR,They stopped drawing from it. They did not stop drinking.,Au încetat să mai scoată apă din ea. Nu au încetat să bea.
CONTENT_VAULT_ASH_IN_THE_LUNGS_NAME,Ash In The Lungs,Cenușă în Plămâni
CONTENT_VAULT_ASH_IN_THE_LUNGS_FLAVOUR,The mire breathes out. Something has to breathe it in.,Mlaștina expiră. Ceva trebuie să o inspire.
CONTENT_VAULT_THE_EMBER_TITHE_NAME,The Ember Tithe,Zeciuiala Jăraticului
CONTENT_VAULT_THE_EMBER_TITHE_FLAVOUR,"Paid nightly, in the only currency the forge accepted.",Plătită în fiecare noapte în singura monedă pe care o primea forja.
CONTENT_VAULT_THE_STONE_SAINT_NAME,The Stone Saint,Sfântul de Piatră
CONTENT_VAULT_THE_STONE_SAINT_FLAVOUR,Carved facing the door. Nobody remembers deciding that.,Cioplit cu fața spre ușă. Nimeni nu-și amintește să fi hotărât asta.
CONTENT_VAULT_ANSWERED_IN_KIND_NAME,Answered In Kind,Răspuns pe Măsură
CONTENT_VAULT_ANSWERED_IN_KIND_FLAVOUR,The prism gives back exactly what is put to it.,Prisma dă înapoi exact ceea ce i se oferă.
CONTENT_VAULT_A_SHARE_OF_RUIN_NAME,A Share Of Ruin,O Parte din Ruină
CONTENT_VAULT_A_SHARE_OF_RUIN_FLAVOUR,"Split evenly, as agreed, between everyone still standing.",Împărțită egal după înțelegere între toți cei rămași în picioare.
CONTENT_VAULT_THE_LAST_WARD_NAME,The Last Ward,Ultima Paznică
CONTENT_VAULT_THE_LAST_WARD_FLAVOUR,"The final line of the oath, struck out and rewritten in a shakier hand.",Ultimul rând al jurământului șters și rescris de o mână mai tremurătoare.
CONTENT_VAULT_THE_KEPT_VIGIL_NAME,The Kept Vigil,Privegherea Ținută
CONTENT_VAULT_THE_KEPT_VIGIL_FLAVOUR,Someone stood the whole night. This is what they were holding.,Cineva a stat toată noaptea. Iată ce ținea în mâini.
CONTENT_VAULT_THE_LONG_HOLD_NAME,The Long Hold,Ținerea Lungă
CONTENT_VAULT_THE_LONG_HOLD_FLAVOUR,Twenty rounds without setting it down.,Douăzeci de runde fără să-l lase jos.
CONTENT_VAULT_THE_SLOW_COUNT_NAME,The Slow Count,Numărătoarea Lentă
CONTENT_VAULT_THE_SLOW_COUNT_FLAVOUR,Fifty. Whoever was counting has stopped.,Cincizeci. Cine număra s-a oprit.
CONTENT_VAULT_THE_BLEEDING_EDGE_NAME,The Bleeding Edge,Tăișul Sângerând
CONTENT_VAULT_THE_BLEEDING_EDGE_FLAVOUR,"Kept sharp by use, not by care.",Păstrat ascuțit prin folosire nu prin îngrijire.
CONTENT_VAULT_THE_OPEN_WOUND_NAME,The Open Wound,Rana Deschisă
CONTENT_VAULT_THE_OPEN_WOUND_FLAVOUR,It was never dressed. That turned out to be useful.,Nu a fost bandajată niciodată. S-a dovedit util.
CONTENT_VAULT_GRAVEKEEPERS_DUE_NAME,Gravekeeper's Due,Datoria Groparului
CONTENT_VAULT_GRAVEKEEPERS_DUE_FLAVOUR,One coin a body. The ledger balanced for a long time.,O monedă pentru un trup. Registrul a rămas echilibrat mult timp.
CONTENT_VAULT_WIDOWS_TITHE_NAME,Widow's Tithe,Zeciuiala Văduvei
CONTENT_VAULT_WIDOWS_TITHE_FLAVOUR,Given by those with the least left to give.,Dată de cei cărora le-a rămas cel mai puțin de dat.
CONTENT_VAULT_THE_HOLLOW_FLASK_NAME,The Hollow Flask,Plosca Goală
CONTENT_VAULT_THE_HOLLOW_FLASK_FLAVOUR,"Drained on the stair, and never refilled.",Golita pe scară și niciodată reumplută.
CONTENT_VAULT_A_DEBT_OF_BREATH_NAME,A Debt Of Breath,O Datorie de Respirație
CONTENT_VAULT_A_DEBT_OF_BREATH_FLAVOUR,Owed to whatever kept breathing for you.,Datorată la orice a continuat să respire pentru tine.
CONTENT_VAULT_MYTHIC_BLADE_NAME,Aumbral Blade,Lama Umbrală
CONTENT_VAULT_MYTHIC_BLADE_FLAVOUR,The sound a sword makes is the last thing it keeps.,Sunetul pe care îl scoate o sabie e ultimul lucru pe care îl păstrează.
CONTENT_VAULT_MYTHIC_AEGIS_NAME,Aumbral Aegis,Egidă Umbrală
CONTENT_VAULT_MYTHIC_AEGIS_FLAVOUR,It does not stop the blow. It stops the umbral of it.,Nu oprește lovitura. Oprește umbra ei.
CONTENT_VAULT_MYTHIC_CROWN_NAME,Aumbral Crown,Coroană Umbrală
CONTENT_VAULT_MYTHIC_CROWN_FLAVOUR,Worn by the one who decided the tower would hold.,Purtată de cel care a hotărât că turnul va rezista.
CONTENT_VAULT_MYTHIC_RING_NAME,Aumbral Ring,Inel Umbral
CONTENT_VAULT_MYTHIC_RING_FLAVOUR,Small enough to swallow. Several did.,Destul de mic ca să fie înghițit. Mai mulți au făcut-o.
CONTENT_VAULT_VOID_AMULET_NAME,Void Amulet,Amuletă a Vidului
CONTENT_VAULT_VOID_AMULET_FLAVOUR,Holds a silence the chapel could not.,Păstrează o tăcere pe care capela nu a putut-o ține.
CONTENT_VAULT_FROST_WARLORD_BLADE_NAME,Frost Warlord's Blade,Lama Lordului Înghețului
CONTENT_VAULT_FROST_WARLORD_BLADE_FLAVOUR,"Taken off the warlord, still cold.",Luata de la lordul războiului încă rece.
CONTENT_VAULT_CATHEDRAL_SHADOW_DAGGER_NAME,Umbral Dagger,Pumnal Umbral
CONTENT_VAULT_CATHEDRAL_SHADOW_DAGGER_FLAVOUR,Carried under a vestment for eleven years without being drawn.,Purtat sub un veșmânt timp de unsprezece ani fără să fie scos.
CONTENT_VAULT_PACT_CURSED_DEPTHS_NAME,Cursed Depths,Adâncuri Blestemate
CONTENT_VAULT_PACT_CURSED_DEPTHS_FLAVOUR,"A worse road, and a better reason to walk it.",Un drum mai rău și un motiv mai bun să-l străbați.
CONTENT_VAULT_PACT_STARVED_ROAD_NAME,The Starved Road,Drumul Flămând
CONTENT_VAULT_PACT_STARVED_ROAD_FLAVOUR,No hearth will take you below this line.,Niciun cămin nu te va primi sub această linie.
CONTENT_ARMS_NAME,Arms,Arme
CONTENT_ARMS_1_NAME,Keen Edge,Tăiș Ascuțit
CONTENT_ARMS_2_NAME,Weight Behind It,Greutatea din Spate
CONTENT_ARMS_3_NAME,Economy of Motion,Economia Mișcării
CONTENT_ARMS_KEYSTONE_NAME,Executioner's Patience,Răbdarea Călăului
CONTENT_ARMS_KEYSTONE_DESCRIPTION,A killing blow leaves you steady enough for the next one.,O lovitură ucigătoare te lasă destul de stabil pentru următoarea.
CONTENT_ARMS_KEYSTONE_B_NAME,The Killing Half-Second,Jumătatea de Secundă Ucigașă
CONTENT_ARMS_KEYSTONE_B_DESCRIPTION,You give up the recovery. What you get is the opening after a parry.,Renunți la recuperare. Primești în schimb deschiderea de după o parare.
CONTENT_GUARD_NAME,Guard,Gardă
CONTENT_GUARD_1_NAME,Old Scars,Cicatrici Vechi
CONTENT_GUARD_2_NAME,Plated,Plăcuit
CONTENT_GUARD_3_NAME,Set Feet,Picioare Neclintite
CONTENT_GUARD_KEYSTONE_NAME,The Long Vigil,Vegherea Lungă
CONTENT_GUARD_KEYSTONE_DESCRIPTION,"A parry turns the moment: stone settles over you, and the blood stops.",O parare schimbă clipa: piatra se așază peste tine și sângele se oprește.
CONTENT_GUARD_KEYSTONE_B_NAME,Nothing Given Back,Nimic Oferit Înapoi
CONTENT_GUARD_KEYSTONE_B_DESCRIPTION,"You stop trading. Blocking costs you nothing, and neither does patience.",Încetezi să mai faci schimburi. Blocarea nu te costă nimic și nici răbdarea.
CONTENT_APTITUDE_NAME,Aptitude,Aptitudine
CONTENT_APTITUDE_1_NAME,Reader of Signs,Cititor de Semne
CONTENT_APTITUDE_2_NAME,Careful Hands,Mâini Atente
CONTENT_APTITUDE_3_NAME,Coin Sense,Simțul Monedei
CONTENT_APTITUDE_KEYSTONE_NAME,The Ledger Balances,Balanța Registrului
CONTENT_APTITUDE_KEYSTONE_DESCRIPTION,"Every room cleared pays a small, reliable dividend.",Fiecare încăpere curățată plătește un mic dividend sigur.
CONTENT_APTITUDE_KEYSTONE_B_NAME,Spend It All Here,Cheltuiește Tot Aici
CONTENT_APTITUDE_KEYSTONE_B_DESCRIPTION,The dividend stops. Every floor you enter pays out at once instead.,Dividendul se oprește. Fiecare etaj pe care intri îți plătește totul deodată.
CONTENT_OATH_NAME,Oath,Jurământ
CONTENT_OATH_1_NAME,Sworn Weight,Greutate Jurată
CONTENT_OATH_2_NAME,Answer in Kind,Răspuns pe Măsură
CONTENT_OATH_3_NAME,Shield Discipline,Disciplină cu Scutul
CONTENT_OATH_KEYSTONE_NAME,Answered in Kind,Răsplătit pe Măsură
CONTENT_OATH_KEYSTONE_DESCRIPTION,A riposte closes the wound it was owed.,O ripostă închide rana pentru care era datorată.
CONTENT_OATH_KEYSTONE_B_NAME,The Oath Holds,Jurământul Rezistă
CONTENT_OATH_KEYSTONE_B_DESCRIPTION,You stop answering blows and start outlasting them.,Încetezi să răspunzi loviturilor și începi să le supraviețuiești.
CONTENT_RUIN_NAME,Ruin,Ruină
CONTENT_RUIN_1_NAME,Fed on Ruin,Hrănit de Ruină
CONTENT_RUIN_2_NAME,Careless of the Body,Nepăsător față de Trup
CONTENT_RUIN_3_NAME,Heavy Arms,Arme Grele
CONTENT_RUIN_KEYSTONE_NAME,Nothing Left to Spend,Nimic de Cheltuit
CONTENT_RUIN_KEYSTONE_DESCRIPTION,"At the edge of death, the wounds you open feed you back.",La marginea morții rănile pe care le deschizi te hrănesc înapoi.
CONTENT_RUIN_KEYSTONE_B_NAME,Open and Keep Opening,Deschide și Continuă să Deschizi
CONTENT_RUIN_KEYSTONE_B_DESCRIPTION,"No reprieve at the edge. Every wound you open spreads to what stands near it.",Fără răgaz la limită. Fiecare rană pe care o deschizi se răspândește la ce stă aproape.
CONTENT_UNLIT_NAME,Unlit,Neluminat
CONTENT_UNLIT_1_NAME,Quiet Approach,Apropiere Tăcută
CONTENT_UNLIT_2_NAME,Between the Plates,Între Plăci
CONTENT_UNLIT_3_NAME,Short Blade Work,Lucru cu Lama Scurtă
CONTENT_UNLIT_KEYSTONE_NAME,The Unlit Hour,Ora Neluminată
CONTENT_UNLIT_KEYSTONE_DESCRIPTION,A backstab leaves nothing behind but the debt it collected.,O lovitură pe la spate nu lasă în urmă decât datoria pe care a încasat-o.
CONTENT_UNLIT_KEYSTONE_B_NAME,Never in the Open,Niciodată la Vedere
CONTENT_UNLIT_KEYSTONE_B_DESCRIPTION,"You stop collecting debts and start not being there. Each dodge sharpens the next.",Încetezi să mai încasezi datorii și începi să nu mai fii acolo. Fiecare eschivă o ascute pe următoarea.
CONTENT_VIGIL_NAME,Vigil,Veghe
CONTENT_VIGIL_1_NAME,Late Reading,Citire Târzie
CONTENT_VIGIL_2_NAME,Steady Draw,Tragere Sigură
CONTENT_VIGIL_3_NAME,Written Fire,Foc Scris
CONTENT_VIGIL_KEYSTONE_NAME,What the Margins Said,Ce Spuneau Marginile
CONTENT_VIGIL_KEYSTONE_DESCRIPTION,A critical strike returns the study it cost.,O lovitură critică întoarce studiul pe care l-a costat.
CONTENT_VIGIL_KEYSTONE_B_NAME,Burn the Notes,Arde Însemnările
CONTENT_VIGIL_KEYSTONE_B_DESCRIPTION,"The study is spent. What is left is heat, and it does not wait for a crit.",Studiul e cheltuit. Ce rămâne e căldura și nu așteaptă o lovitură critică.
CONTENT_WATCH_NAME,Watch,Strajă
CONTENT_WATCH_1_NAME,The Long Watch,Straja Lungă
CONTENT_WATCH_2_NAME,Braced,Înțepenit
CONTENT_WATCH_3_NAME,Spear Length,Lungimea Suliței
CONTENT_WATCH_KEYSTONE_NAME,Nothing Passes,Nimic Nu Trece
CONTENT_WATCH_KEYSTONE_DESCRIPTION,Every blow turned aside is a little breath and a little blood returned.,Fiecare lovitură abătută îți întoarce puțină suflare și puțin sânge.
CONTENT_WATCH_KEYSTONE_B_NAME,Step Off the Line,Pășește din Linia de Foc
CONTENT_WATCH_KEYSTONE_B_DESCRIPTION,"You give up the wall. In exchange, nothing gets a second swing at you.",Renunți la zid. În schimb nimic nu capătă o a doua lovitură asupra ta.
CONTENT_MILE_NAME,Mile,Milă
CONTENT_MILE_1_NAME,The Quiet Mile,Mila Tăcută
CONTENT_MILE_2_NAME,Drawn Slow,Întins Încet
CONTENT_MILE_3_NAME,Steady Arm,Braț Sigur
CONTENT_MILE_KEYSTONE_NAME,One Shot Is Enough,O Lovitură Ajunge
CONTENT_MILE_KEYSTONE_DESCRIPTION,"A clean kill pays for the next arrow, and for the walk between.",O ucidere curată plătește următoarea săgeată și drumul dintre ele.
CONTENT_MILE_KEYSTONE_B_NAME,Close the Distance,Micșorează Distanța
CONTENT_MILE_KEYSTONE_B_DESCRIPTION,"The walk is over. Kills carry you forward instead of paying for the wait.",Drumul s-a terminat. Uciderile te poartă înainte în loc să plătească așteptarea.
CONTENT_TIDE_NAME,Tide,Maree
CONTENT_TIDE_1_NAME,Carried Rot,Putreziciune Purtată
CONTENT_TIDE_2_NAME,Slow Fever,Febră Lentă
CONTENT_TIDE_3_NAME,Open Vessel,Vas Deschis
CONTENT_TIDE_KEYSTONE_NAME,It Was Always Going to Spread,Avea Mereu Să se Răspândească
CONTENT_TIDE_KEYSTONE_DESCRIPTION,"What one of them carries, the room carries.",Ce poartă unul dintre ei poartă întreaga încăpere.
CONTENT_TIDE_KEYSTONE_B_NAME,Hold the Vessel Shut,Ține Vasul Închis
CONTENT_TIDE_KEYSTONE_B_DESCRIPTION,"Nothing spreads. Everything concentrates on whatever you are looking at.",Nimic nu se răspândește. Totul se concentrează pe orice privești.
CONTENT_BOSS_CASTLE_KNIGHT_NAME,Boss Castle Knight,Cavalerul Castelului
CONTENT_BOSS_CATHEDRAL_HOLLOW_NAME,Boss Cathedral Hollow,Golul Catedralei
CONTENT_FINAL_BOSS_FORGOTTEN_CASTLE_NAME,Forgotten Sovereign,Suveranul Uitat
CONTENT_GLACIAL_WARDEN_NAME,Warden Of The Hollow,Străjerul Golului
CONTENT_IRON_CONCLAVE_NAME,The Sealed Conclave,Conclavul Pecetluit
CONTENT_PRISM_CHOIRMASTER_NAME,The Choirmaster,Maestrul Corului
CONTENT_UMBRAL_HIERARCH_NAME,The Hierarch,Ierarhul
CONTENT_VENOM_MIREHEART_NAME,The Mireheart,Inima Mlaștinii
CONTENT_PROBE_NAME,Testing Thrust,Împungere de Încercare
CONTENT_CLEAVE_NAME,High Cleave,Tăietură Înaltă
CONTENT_CHAIN_NAME,Measured Chain,Lanț Măsurat
CONTENT_CHAIN_TWO_NAME,Chain Close,Închidere de Lanț
CONTENT_SWEEPBACK_NAME,Turning Sweep,Măturare Întoarsă
CONTENT_CHARGE_NAME,Closing Charge,Asalt de Închidere
CONTENT_FEINT_NAME,Held Swing,Lovitură Reținută
CONTENT_QUAKE_NAME,Broken Ground,Pământ Sfărâmat
CONTENT_TRIPLE_NAME,Three Falls,Trei Căderi
CONTENT_TRIPLE_TWO_NAME,Second Fall,A Doua Cădere
CONTENT_TRIPLE_THREE_NAME,Third Fall,A Treia Cădere
CONTENT_SIG_TWO_STAGE_OVERHEAD_NAME,The Second Beat,A Doua Bătaie
CONTENT_SIG_TWO_STAGE_OVERHEAD_B_NAME,The Second Beat (fall),A Doua Bătaie (cădere)
CONTENT_VIGIL_NAME,The Vigil,Vegherea
CONTENT_OATH_BREAKS_NAME,The Oath Breaks,Jurământul se Frânge
CONTENT_NOTHING_LEFT_NAME,Nothing Left To Guard,Nimic de Păzit
CONTENT_SIG_TOLL_NAME,The Toll,Plata
CONTENT_PLAINSONG_NAME,Plainsong,Cânt Simplu
CONTENT_DESCANT_NAME,Descant,Descant
CONTENT_SILENCE_NAME,Silence,Tăcere
CONTENT_WARDEN_NAME,The Warden,Străjerul
CONTENT_UNMAKING_NAME,The Unmaking,Desfacerea
CONTENT_SIG_KEENING_NAME,Keening,Jelire
CONTENT_OPENING_NAME,Composure,Stăpânire de Sine
CONTENT_BREAKING_NAME,Composure Breaks,Stăpânirea se Frânge
CONTENT_NOTHING_HELD_NAME,Nothing Held Back,Nimic Reținut
CONTENT_SIG_PRESS_NAME,The Press,Presiunea
CONTENT_SIG_PRESS_WAVE_NAME,The Press (shock),Presiunea (șoc)
CONTENT_SIG_SPLIT_NAME,Split Chorus,Cor Despărțit
CONTENT_SIG_SPLIT_B_NAME,Split Chorus (second),Cor Despărțit (al doilea)
CONTENT_SIG_SPLIT_C_NAME,Split Chorus (third),Cor Despărțit (al treilea)
CONTENT_SIG_RECITATION_NAME,Recitation,Recitare
CONTENT_SIG_RECITATION_AMEN_NAME,Recitation (amen),Recitare (amin)
CONTENT_SIG_BLOOM_NAME,Bloom,Înflorire
CONTENT_GUARD_TUNING_NAME,Guard Tuning,Reglaj de Gardă
CONTENT_GUARD_TUNING_DESCRIPTION,"Parry window, per-attack-class parry generosity, block reduction and grab duration.",Fereastră de parare generozitate la parare pe clasă de atac reducerea blocării și durata apucării.
CONTENT_TALENT_GUARD_NAME,Guard,Gardă
CONTENT_TALENT_VIGIL_NAME,Vigil,Veghe
CONTENT_CASTLE_KNIGHT_VIGIL_NAME,The Vigil,Vegherea
CONTENT_FROST_CASTELLAN_PROBE_NAME,Frostbitten Thrust,Împungere Înghețată
CONTENT_FROST_CASTELLAN_CLEAVE_NAME,Glacier Cleave,Tăietură de Ghețar
CONTENT_FROST_CASTELLAN_CHAIN_NAME,Warden's Measure,Măsura Străjerului
CONTENT_FROST_CASTELLAN_CHAIN_TWO_NAME,Gate Shut,Poarta Închisă
CONTENT_FROST_CASTELLAN_CHARGE_NAME,Avalanche Step,Pas de Avalanșă
CONTENT_FROST_CASTELLAN_FEINT_NAME,Held Frost,Ger Reținut
CONTENT_BOSS_CRYSTAL_SOVEREIGN_NAME,Boss Crystal Sovereign,Suveranul de Cristal
CONTENT_FACET_NAME,First Facet,Prima Fațetă
CONTENT_REFRACTION_NAME,Refraction,Refracție
CONTENT_SHATTER_NAME,Shatter,Sfărâmare
CONTENT_BOSS_FROST_WARLORD_NAME,Boss Frost Warlord,Lordul Războiului Înghețului
CONTENT_STANDING_NAME,Still Standing,Încă în Picioare
CONTENT_WHITEOUT_NAME,Whiteout,Viscol Alb
CONTENT_NO_THAW_NAME,No Thaw Coming,Nicio Dezghețare Nu Vine
CONTENT_SIG_SHATTER_CONE_NAME,Shatterbreath,Răsuflare Sfărâmătoare
CONTENT_SWAMP_HYDRA_NAME,Swamp Hydra,Hidra Mlaștinii
CONTENT_HEADS_NAME,Many Heads,Multe Capete
CONTENT_MIASMA_NAME,Miasma,Miasmă
CONTENT_DROWNING_NAME,Drowning,Înecare
CONTENT_SIG_DRAG_NAME,The Long Drag,Târâșul Lung
CONTENT_BOSS_SWAMP_DEVOURER_NAME,Boss Swamp Devourer,Devoratorul Mlaștinii
CONTENT_GORGE_NAME,Gorge,Gâtlej
CONTENT_BLOOM_NAME,Bloom,Înflorire
CONTENT_ROT_NAME,Rot,Putreziciune
CONTENT_MINIBOSS_CASTLE_CAPTAIN_NAME,Miniboss Castle Captain,Căpitanul Castelului
CONTENT_ROLL_CALL_NAME,Roll Call,Apelul
CONTENT_NO_ANSWER_NAME,No Answer,Niciun Răspuns
CONTENT_MINIBOSS_FROST_CASTELLAN_NAME,Miniboss Frost Castellan,Castelanul Înghețului
CONTENT_KEEPING_THE_GATE_NAME,Keeping The Gate,Păzind Poarta
CONTENT_LONG_WINTER_NAME,Long Winter,Iarna Lungă
CONTENT_MINIBOSS_CRYSTAL_GUARDIAN_NAME,Miniboss Crystal Guardian,Gardianul de Cristal
CONTENT_SEALED_NAME,Sealed,Pecetluit
CONTENT_OPENED_NAME,Opened,Deschis
CONTENT_MINIBOSS_CATHEDRAL_BELL_NAME,Miniboss Cathedral Bell,Clopotul Catedralei
CONTENT_MUFFLED_NAME,Muffled,Înăbușit
CONTENT_STRUCK_NAME,Struck,Lovit
CONTENT_BANNER_FIRST_CLEAR_NAME,Warden Banner,Stindardul Străjerului
CONTENT_BANNER_FIRST_CLEAR_DESCRIPTION,A banner hung for the first hall you emptied.,Un stindard atârnat pentru prima sală pe care ai golit-o.
CONTENT_BANNER_ROW_NAME,Banner Row,Rând de Stindarde
CONTENT_BANNER_ROW_DESCRIPTION,One banner for each hall that answered you.,Câte un stindard pentru fiecare sală care ți-a răspuns.
CONTENT_TROPHY_HALL_NAME,Trophy Hall,Sala Trofeelor
CONTENT_TROPHY_HALL_DESCRIPTION,"What is left of the wardens, mounted where the light reaches it.",Ce a rămas din străjeri este așezat unde ajunge lumina.
CONTENT_DEEP_ROAD_MARKER_NAME,Deep Road Marker,Semnul Drumului Adânc
CONTENT_DEEP_ROAD_MARKER_DESCRIPTION,A stone cut with the depth you reached and barely returned from.,O piatră cioplită cu adâncimea la care ai ajuns și din care abia te-ai întors.
CONTENT_ARCHIVE_SHELVES_NAME,Archive Shelves,Rafturile Arhivei
CONTENT_ARCHIVE_SHELVES_DESCRIPTION,The pages you filled had to go somewhere.,Paginile pe care le-ai umplut trebuiau să ajungă undeva.
CONTENT_ARCHIVE_COMPLETE_NAME,The Full Archive,Arhiva Completă
CONTENT_ARCHIVE_COMPLETE_DESCRIPTION,"Every quarry named, drawn and closed.",Fiecare pradă numită desenată și încheiată.
CONTENT_WORKSHOP_FORGE_NAME,Working Forge,Fierărie Funcțională
CONTENT_WORKSHOP_FORGE_DESCRIPTION,The blacksmith stopped saving coal.,Fierarul a încetat să mai economisească cărbune.
CONTENT_WORKSHOP_ANNEX_NAME,Workshop Annex,Anexa Atelierului
CONTENT_WORKSHOP_ANNEX_DESCRIPTION,"A second workbench, hot forge, and an apprentice at the tools mark the workshop's deepest commissions.",Un al doilea banc de lucru o forjă fierbinte și un ucenic la unelte marchează cele mai adânci comenzi ale atelierului.
CONTENT_NOTICE_BOARD_NAME,Notice Board,Panoul de Anunțuri
CONTENT_NOTICE_BOARD_DESCRIPTION,People trust the tower enough to pin work to it.,Oamenii au destulă încredere în turn încât să-i prindă treburi de el.
CONTENT_DESCENT_SHRINE_NAME,Descent Shrine,Altarul Coborârii
CONTENT_DESCENT_SHRINE_DESCRIPTION,Tokens left by everyone who went down and chose to come back.,Semne lăsate de toți cei care au coborât și au ales să se întoarcă.
CONTENT_RECORD_STONE_NAME,Record Stone,Piatra Însemnărilor
CONTENT_RECORD_STONE_DESCRIPTION,"Twenty runs cut into one slab, in the order you survived them.",Douăzeci de expediții cioplite într-o singură placă în ordinea în care le-ai supraviețuit.
CONTENT_WEEK_COLD_IRON_NAME,Cold Iron,Fier Rece
CONTENT_WEEK_COLD_IRON_DESCRIPTION,"The wardens have been given plate, and the hearths were never lit.",Străjerii au primit platoșe iar vetrele nu au fost aprinse niciodată.
CONTENT_WEEK_STARVED_LIGHT_NAME,Starved Light,Lumină Flămândă
CONTENT_WEEK_STARVED_LIGHT_DESCRIPTION,The map remembers nothing. Neither will the fires.,Harta nu-și amintește nimic. Nici focurile nu o vor face.
CONTENT_WEEK_OLD_MALICE_NAME,Old Malice,Răutate Veche
CONTENT_WEEK_OLD_MALICE_DESCRIPTION,"Someone laid this floor with intent, a long time ago.",Cineva a așezat acest nivel cu intenție cu mult timp în urmă.
CONTENT_WEEK_THE_VIGIL_NAME,The Vigil,Vegherea
CONTENT_WEEK_THE_VIGIL_DESCRIPTION,"A warden walks every floor, and no one is trading this deep.",Un străjer umblă pe fiecare nivel iar nimeni nu face negoț atât de adânc.
CONTENT_WEEK_THIN_SKIN_NAME,Thin Skin,Piele Subțire
CONTENT_WEEK_THIN_SKIN_DESCRIPTION,"Everything down here breaks easily, yours included.",Totul de aici se sparge ușor inclusiv tu.
CONTENT_WEEK_LOCKED_WAYS_NAME,Locked Ways,Căi Încuiate
CONTENT_WEEK_LOCKED_WAYS_DESCRIPTION,"Two keys for every door, and fewer doors worth opening.",Două chei pentru fiecare ușă și mai puține uși care merită deschise.
CONTENT_WEEK_RICH_AND_CRUEL_NAME,Rich and Cruel,Bogat și Crud
CONTENT_WEEK_RICH_AND_CRUEL_DESCRIPTION,The vaults are full because nothing that opened them came back.,Seifurile sunt pline fiindcă nimic din ce le-a deschis nu s-a întors.
CONTENT_WEEK_LONG_DARK_NAME,The Long Dark,Întunericul Lung
CONTENT_WEEK_LONG_DARK_DESCRIPTION,"Unlit, unrested, and it does not stop coming.",Nestins neodihnit și nu se oprește din a veni.
CONTENT_CASTLE_ARCHER_NAME,Castle Archer,Arcașul Castelului
CONTENT_CASTLE_GRUNT_NAME,Castle Grunt,Infanteristul Castelului
CONTENT_CASTLE_HOUND_NAME,Castle Hound,Câinele Castelului
CONTENT_CASTLE_SHIELD_NAME,Castle Shield-Bearer,Purtătorul de Scut al Castelului
CONTENT_CATHEDRAL_ACOLYTE_NAME,Cathedral Acolyte,Acólitul Catedralei
CONTENT_CATHEDRAL_SHADE_NAME,Cathedral Shade,Umbră a Catedralei
CONTENT_CATHEDRAL_WARDEN_NAME,Cathedral Warden,Străjerul Catedralei
CONTENT_CRYSTAL_BAT_NAME,Crystal Bat,Liliacul de Cristal
CONTENT_CRYSTAL_CRAWLER_NAME,Crystal Crawler,Târâtorul de Cristal
CONTENT_CRYSTAL_GOLEM_NAME,Crystal Golem,Golemul de Cristal
CONTENT_CRYSTAL_GUARDIAN_NAME,Crystal Guardian,Gardianul de Cristal
CONTENT_CRYSTAL_SHADE_NAME,Crystal Shade,Umbră de Cristal
CONTENT_CRYSTAL_SLIME_NAME,Crystal Slime,Slime de Cristal
CONTENT_CRYSTAL_SPITTER_NAME,Crystal Spitter,Scuipătorul de Cristal
CONTENT_CRYSTAL_WISP_NAME,Crystal Wisp,Scânteia de Cristal
CONTENT_FROST_ARCHER_NAME,Frost Archer,Arcașul Înghețului
CONTENT_FROST_HOUND_NAME,Frost Hound,Câinele Înghețului
CONTENT_FROST_KNIGHT_NAME,Frost Knight,Cavalerul Înghețului
CONTENT_FROST_RAIDER_NAME,Frost Raider,Jefuitorul Înghețului
CONTENT_GLACIAL_ANCHORITE_NAME,Hollow Anchorite,Anahoretul Golului
CONTENT_GLACIAL_CAIRN_GOLEM_NAME,Cairn Golem,Golemul Movilei
CONTENT_GLACIAL_HOLLOWED_NAME,Hollowed Bearer,Purtătorul Golit
CONTENT_GLACIAL_KEENER_NAME,Hollow Keener,Jelitorul Golului
CONTENT_GLACIAL_PILGRIM_NAME,Frozen Pilgrim,Pelerinul Înghețat
CONTENT_IRON_BELLOWS_GOLEM_NAME,Bellows Golem,Golemul Foalelor
CONTENT_IRON_FOREMAN_NAME,Vault Foreman,Maistrul Seifului
CONTENT_IRON_NEEDLE_NAME,Needle Caster,Aruncătorul de Ace
CONTENT_IRON_RATCHET_NAME,Ratchet Servitor,Slujitorul cu Clichet
CONTENT_IRON_SENTINEL_NAME,Vault Sentinel,Santinela Seifului
CONTENT_PRISM_CANTOR_NAME,Depths Cantor,Cântărețul Adâncurilor
CONTENT_PRISM_FACET_GOLEM_NAME,Facet Golem,Golemul Fațetei
CONTENT_PRISM_LANTERN_NAME,Depths Lantern,Felinarul Adâncurilor
CONTENT_PRISM_REFRACTOR_NAME,Refractor,Refractorul
CONTENT_PRISM_SHARDLING_NAME,Shardling,Așchie Vie
CONTENT_SWAMP_BOGLING_NAME,Swamp Bogling,Spiridușul Mlaștinii
CONTENT_SWAMP_BRUTE_NAME,Swamp Brute,Bruta Mlaștinii
CONTENT_SWAMP_HAG_NAME,Swamp Hag,Baba Mlaștinii
CONTENT_SWAMP_LEECH_NAME,Swamp Leech,Lipitoarea Mlaștinii
CONTENT_SWAMP_SLASHER_NAME,Swamp Slasher,Tăietorul Mlaștinii
CONTENT_SWAMP_SPITTER_NAME,Swamp Spitter,Scuipătorul Mlaștinii
CONTENT_SWAMP_SWARM_NAME,Swamp Swarm,Roiul Mlaștinii
CONTENT_SWAMP_TOAD_NAME,Swamp Toad,Broasca Mlaștinii
CONTENT_SWAMP_WITCH_NAME,Swamp Witch,Vrăjitoarea Mlaștinii
CONTENT_TRAINING_GRUNT_NAME,Training Grunt,Recrutul de Antrenament
CONTENT_UMBRAL_CENSER_NAME,Chapel Censer,Cădelnița Capelei
CONTENT_UMBRAL_CONFESSOR_NAME,The Confessor,Mărturisitorul
CONTENT_UMBRAL_COWL_NAME,Cowled Thing,Lucrul cu Glugă
CONTENT_UMBRAL_PENITENT_NAME,Chapel Penitent,Pocăitul Capelei
CONTENT_UMBRAL_RELIQUARY_GOLEM_NAME,Reliquary Golem,Golemul Reliquarului
CONTENT_VENOM_BLOAT_BRUTE_NAME,Bloat Brute,Bruta Umflată
CONTENT_VENOM_CENSER_NAME,Mire Censer,Cădelnița Mlaștinii
CONTENT_VENOM_DRIFTER_NAME,Mire Drifter,Rătăcitorul Mlaștinii
CONTENT_VENOM_MATRON_NAME,Mire Matron,Matroana Mlaștinii
CONTENT_VENOM_THRESHER_NAME,Reed Thresher,Treierătorul de Stuf
CONTENT_AIMED_SHOT_NAME,Aimed Shot,Lovitură Țintită
CONTENT_BASH_NAME,Shield Bash,Izbitură de Scut
CONTENT_BOLT_NAME,Sent Bolt,Proiectil Trimis
CONTENT_CLOSING_CUT_NAME,Closing Cut,Tăietură de Închidere
CONTENT_DORMANT_NAME,Barely Waking,Aproape Trezit
CONTENT_GIVEN_UP_NAME,Done Keeping Watch,Nu Mai Veghează
CONTENT_GUARD_THRUST_NAME,Guarded Thrust,Împungere Păzită
CONTENT_HAMMER_NAME,Downward Hammer,Ciocan Descendent
CONTENT_HELD_SWEEP_NAME,Held Sweep,Măturare Reținută
CONTENT_HEX_NAME,Long Hex,Blestem Lung
CONTENT_JAB_NAME,Short Thrust,Împungere Scurtă
CONTENT_KEENING_NAME,Keening,Jelire
CONTENT_KEPT_NAME,Keeping Watch,Ținând Straja
CONTENT_LUNGE_NAME,Lunge,Avânt
CONTENT_MUTTERING_NAME,Muttering,Mormăială
CONTENT_OPENING_CUT_NAME,Opening Cut,Tăietură de Deschidere
CONTENT_OVERHEAD_NAME,Overhead Cleave,Tăietură de Sus
CONTENT_PRACTICE_SWING_NAME,Practice Swing,Lovitură de Exercițiu
CONTENT_QUICK_SHOT_NAME,Quick Shot,Lovitură Rapidă
CONTENT_ROUSED_NAME,Roused,Trezit
CONTENT_SHARD_BLOOM_NAME,Shard Bloom,Înflorire de Așchii
CONTENT_SHOVE_NAME,Shove,Îmbrâncire
CONTENT_SHOVE_PUNISH_NAME,Following Chop,Tăietură Următoare
CONTENT_SIG_REFRACTION_NAME,Refraction,Refracție
CONTENT_SIPHON_GRAB_NAME,Siphon Grab,Apucare Sifon
CONTENT_SLAM_NAME,Ground Slam,Izbitură în Pământ
CONTENT_SNAP_NAME,Snap,Muşcătură Scurtă
CONTENT_SNAP_SHOT_NAME,Snap Shot,Împușcătură Rapidă
CONTENT_WARD_BURST_NAME,Ward Burst,Izbucnire de Protecție
CONTENT_WORRY_NAME,Worry,Rosătură
CONTENT_WORRY_TWO_NAME,Second Bite,A Doua Mușcătură
CONTENT_WORRY_THREE_NAME,Last Bite,Ultima Mușcătură
CONTENT_A_DEBT_OF_BREATH_NAME,A Debt Of Breath,Datorie de Suflare
CONTENT_A_DEBT_OF_BREATH_DESCRIPTION,Five percent of your damage surrendered. Every kill returns a full breath.,Cinci procente din daunele tale sunt cedate. Fiecare ucidere îți întoarce o suflare deplină.
CONTENT_A_SHARE_OF_RUIN_NAME,A Share Of Ruin,O Parte din Ruină
CONTENT_A_SHARE_OF_RUIN_DESCRIPTION,"Ten health given over. Parries return stamina and sharpen you; you may hold the line longer than you should.",Zece puncte de viață cedate. Parările întorc stamina și te ascut; poți ține linia mai mult decât ar trebui.
CONTENT_ANSWERED_IN_KIND_NAME,Answered In Kind,Răsplătit pe Măsură
CONTENT_ANSWERED_IN_KIND_DESCRIPTION,The mercy costs reserve. A riposte mends what the parry risked.,Îndurarea costă rezervă. O ripostă repară ceea ce pararea a riscat.
CONTENT_ASH_IN_THE_LUNGS_NAME,Ash In The Lungs,Cenușă în Plămâni
CONTENT_ASH_IN_THE_LUNGS_DESCRIPTION,You breathe it too. Fire damage sets what it touches alight.,O respiri și tu. Daunele de foc aprind ce ating.
CONTENT_BLOODLUST_NAME,Bloodlust,Sete de Sânge
CONTENT_BLOODLUST_DESCRIPTION,"Ten health spent on the edge. A kill steadies the hands: +5% damage, and each kill returns stamina.",Zece puncte de viață cheltuite la limită. O ucidere îți stabilizează mâinile: +5% daune și fiecare ucidere întoarce stamina.
CONTENT_GRAVEKEEPERS_DUE_NAME,Gravekeeper’s Due,Datoria Groparului
CONTENT_GRAVEKEEPERS_DUE_DESCRIPTION,"Four percent strength owed up front. A room emptied is a room owed — clearing one pays in coin and blood.",Patru procente din putere sunt datorate dinainte. O încăpere golită e o încăpere datorată — curățarea ei plătește în monedă și sânge.
CONTENT_IRON_WILL_NAME,Iron Will,Voință de Fier
CONTENT_IRON_WILL_DESCRIPTION,"Endurance bought slowly, and it weighs on you. +15 health and 3% slower, but clearing a room mends a little of it and steadies your resolve.",Rezistență cumpărată încet și care apasă asupra ta. +15 viață și cu 3% mai lent dar curățarea unei încăperi repară puțin și îți întărește hotărârea.
CONTENT_LAST_LIGHT_NAME,Last Light,Ultima Lumină
CONTENT_LAST_LIGHT_DESCRIPTION,"Three percent given to what is keeping you upright. At the edge, rarely, the sickness leaves you and some strength returns.",Trei procente date a ceea ce te ține în picioare. La limită arareori boala te părăsește și o parte din putere revine.
CONTENT_MOURNERS_INTEREST_NAME,Mourner’s Interest,Dobânda Jelitorului
CONTENT_MOURNERS_INTEREST_DESCRIPTION,"Eight health mourned in advance. Three percent more damage, and kills against the frozen return health.",Opt viață jelită dinainte. Trei procente mai multe daune iar uciderile împotriva înghețaților întorc viață.
CONTENT_PENITENT_CHAIN_NAME,Penitent Chain,Lanțul Pocăitului
CONTENT_PENITENT_CHAIN_DESCRIPTION,Twenty health surrendered. Every parry restores a flask charge.,Douăzeci de viață cedate. Fiecare parare reface o încărcare a flaconului.
CONTENT_QUIET_HANDS_NAME,Quiet Hands,Mâini Tăcute
CONTENT_QUIET_HANDS_DESCRIPTION,Five armour traded for silence. A backstab that lands returns half its damage as health.,Cinci armură schimbate pentru tăcere. O lovitură pe la spate reușită întoarce jumătate din daune ca viață.
CONTENT_RELIC_BLOODSTONE_NAME,Relic Bloodstone,Piatra de Sânge Relicvă
CONTENT_RELIC_BLOODSTONE_DESCRIPTION,"It drinks from you too, eight health given. A crimson stone that feeds on spilled blood — critical hits drink deeper.",Bea și din tine opt viață fiind date. O piatră purpurie care se hrănește cu sânge vărsat — loviturile critice beau mai adânc.
CONTENT_RELIC_FLAME_CORE_NAME,Relic Flame Core,Miez de Flacără Relicvă
CONTENT_RELIC_FLAME_CORE_DESCRIPTION,"It burns you a little first, ten health surrendered. It keeps a fire that was put out long ago; kills carry it to the next body.",Te arde puțin mai întâi fiind cedate zece viață. Păstrează un foc stins demult; uciderile îl poartă către următorul trup.
CONTENT_RELIC_FROST_SHARD_NAME,Relic Frost Shard,Așchie de Îngheț Relicvă
CONTENT_RELIC_FROST_SHARD_DESCRIPTION,Three armour left brittle with the cold. Cold enough to slow a wound — backstabs leave frost in the bone.,Trei armură rămase fragile în frig. Destul frig pentru a încetini o rană — loviturile pe la spate lasă îngheț în os.
CONTENT_RELIC_POISON_VIAL_NAME,Relic Poison Vial,Fiolă de Otravă Relicvă
CONTENT_RELIC_POISON_VIAL_DESCRIPTION,Three armour eaten through — it was never sealed properly either way. One hit in five carries the rot.,Trei armură roase până la capăt — oricum nu a fost pecetluită cum trebuie. Una din cinci lovituri poartă putreziciunea.
CONTENT_RELIC_SHADOW_VEIL_NAME,Relic Umbral Veil,Vălul Umbral Relicvă
CONTENT_RELIC_SHADOW_VEIL_DESCRIPTION,Ten health thinned to nothing you can hold. You are harder to follow — each perfect dodge returns a breath of stamina.,Zece viață subțiate până la nimic ținibil. Ești mai greu de urmărit — fiecare eschivă perfectă întoarce o suflare de stamina.
CONTENT_RELIC_STONE_HEART_NAME,Relic Stone Heart,Inimă de Piatră Relicvă
CONTENT_RELIC_STONE_HEART_DESCRIPTION,"Four percent slower under the weight. Weight where the fear used to be: +8 armour, and a guard well kept pays back.",Cu patru procente mai lent sub greutate. Greutate unde era teama: +8 armură iar o gardă bine ținută răsplătește.
CONTENT_RELIC_SUN_MEDALLION_NAME,Relic Sun Medallion,Medalion Solar Relicvă
CONTENT_RELIC_SUN_MEDALLION_DESCRIPTION,Three percent strength given to the warmth. It outlived the sun it came from — a new floor refills a flask.,Trei procente din putere sunt date căldurii. A supraviețuit soarelui din care a venit — un nou nivel reumple un flacon.
CONTENT_RELIC_WIND_CHARM_NAME,Relic Wind Charm,Talisman al Vântului Relicvă
CONTENT_RELIC_WIND_CHARM_DESCRIPTION,Ten health spent to move like this. It moves when nothing else does — dodges chain into force you keep until struck.,Zece viață cheltuite pentru a te mișca astfel. Se mișcă atunci când nimic altceva nu o face — eschivele se leagă în forță păstrată până ești lovit.
CONTENT_ROT_IN_THE_WELL_NAME,Rot In The Well,Putreziciune în Fântână
CONTENT_ROT_IN_THE_WELL_DESCRIPTION,You drink from the same well. Killing the poisoned poisons everything standing near them.,Bei din aceeași fântână. Uciderea celor otrăviți otrăvește tot ce stă lângă ei.
CONTENT_SWIFT_STEP_NAME,Swift Step,Pas Iute
CONTENT_SWIFT_STEP_DESCRIPTION,"Four armour left behind to move faster. +10% movement, and the last step before a kill costs nothing.",Patru armură lăsate în urmă pentru a te mișca mai repede. +10% mișcare iar ultimul pas înaintea unei ucideri nu costă nimic.
CONTENT_THE_BLEEDING_EDGE_NAME,The Bleeding Edge,Tăișul Sângerând
CONTENT_THE_BLEEDING_EDGE_DESCRIPTION,"It cuts both ways, eight health given. Backstabs open wounds that will not close.",Taie în ambele sensuri fiind date opt viață. Loviturile pe la spate deschid răni care nu se închid.
CONTENT_THE_COLD_ROOM_NAME,The Cold Room,Camera Rece
CONTENT_THE_COLD_ROOM_DESCRIPTION,The cold gets into you too. Frost you inflict spreads to whatever stands near it.,Frigul intră și în tine. Înghețul pe care îl aplici se răspândește la tot ce stă lângă el.
CONTENT_THE_EMBER_TITHE_NAME,The Ember Tithe,Zeciuiala Tăciunelui
CONTENT_THE_EMBER_TITHE_DESCRIPTION,Three percent paid to keep the fire lit. Burning enemies pay coin when they fall.,Trei procente plătite pentru a ține focul aprins. Inamicii arzând plătesc monedă când cad.
CONTENT_THE_FIRST_STEP_NAME,The First Step,Primul Pas
CONTENT_THE_FIRST_STEP_DESCRIPTION,Five percent surrendered to start again clean. Each new floor begins with the strength the last one ended without.,Cinci procente cedate pentru a începe curat din nou. Fiecare nivel nou începe cu puterea cu care s-a terminat cel precedent.
CONTENT_THE_HOLLOW_FLASK_NAME,The Hollow Flask,Flaconul Gol
CONTENT_THE_HOLLOW_FLASK_DESCRIPTION,Four points of armour given up. Clearing a room fills what you emptied.,Patru puncte de armură cedate. Curățarea unei încăperi umple ce ai golit.
CONTENT_THE_KEPT_VIGIL_NAME,The Kept Vigil,Vegherea Ținută
CONTENT_THE_KEPT_VIGIL_DESCRIPTION,"Three percent given to the watching. Falling low refills a flask, once in a long while.",Trei procente date vegherii. Căderea la viață mică reumple rar un flacon.
CONTENT_THE_LAST_WARD_NAME,The Last Ward,Ultima Protecție
CONTENT_THE_LAST_WARD_DESCRIPTION,Eight health spent keeping guard. A block held at the worst moment gives back a little life.,Opt viață cheltuite păzind. Un blocaj ținut în cel mai rău moment întoarce puțină viață.
CONTENT_THE_LONG_HOLD_NAME,The Long Hold,Ținerea Lungă
CONTENT_THE_LONG_HOLD_DESCRIPTION,Three percent slower for the weight of it. Blocks that land build armour; being struck takes all of it back.,Cu trei procente mai lent din cauza greutății. Blocajele reușite adună armură; a fi lovit o ia pe toată înapoi.
CONTENT_THE_NARROW_PATH_NAME,The Narrow Path,Calea Îngustă
CONTENT_THE_NARROW_PATH_DESCRIPTION,Eight health risked to move like this. Perfect dodges sharpen you until something lands.,Opt viață riscate pentru a te mișca astfel. Eschivele perfecte te ascut până când ceva te atinge.
CONTENT_THE_OPEN_WOUND_NAME,The Open Wound,Rana Deschisă
CONTENT_THE_OPEN_WOUND_DESCRIPTION,Eight health of your own laid open. Strikes against the bleeding drink from them.,Opt viață proprii expuse. Loviturile împotriva celor care sângerează beau din ele.
CONTENT_THE_QUIET_START_NAME,The Quiet Start,Începutul Tăcut
CONTENT_THE_QUIET_START_DESCRIPTION,Three percent strength spent before the first step. The run begins with coin someone else no longer needs.,Trei procente din putere cheltuite înaintea primului pas. Expediția începe cu moneda de care altcineva nu mai are nevoie.
CONTENT_THE_SLOW_COUNT_NAME,The Slow Count,Numărătoarea Lentă
CONTENT_THE_SLOW_COUNT_DESCRIPTION,"Ten health wagered on the count. Every critical lands harder than the last, until you are hit.",Zece viață pariate pe numărătoare. Fiecare critică lovește mai tare decât precedenta până ești lovit.
CONTENT_THE_STONE_SAINT_NAME,The Stone Saint,Sfântul de Piatră
CONTENT_THE_STONE_SAINT_DESCRIPTION,Heavier and slower. Being struck at least returns your footing.,Mai greu și mai lent. A fi lovit îți întoarce măcar echilibrul.
CONTENT_WIDOWS_TITHE_NAME,Widow’s Tithe,Zeciuiala Văduvei
CONTENT_WIDOWS_TITHE_DESCRIPTION,Three percent paid to the dead. Every kill yields coin.,Trei procente plătite morților. Fiecare ucidere aduce monedă.
CONTENT_CRYSTAL_CAVERNS_NAME,Crystal Caverns,Peșterile de Cristal
CONTENT_DARK_CATHEDRAL_NAME,Dark Cathedral,Catedrala Întunecată
CONTENT_FORGOTTEN_CASTLE_NAME,Forgotten Castle,Castelul Uitat
CONTENT_FROZEN_FORTRESS_NAME,Frozen Fortress,Fortăreața Înghețată
CONTENT_GLACIAL_HOLLOW_NAME,Glacial Hollow,Golul Glaciar
CONTENT_IRON_VAULT_NAME,Iron Vault,Seiful de Fier
CONTENT_POISON_SWAMP_NAME,Poison Swamp,Mlaștina Otrăvită
CONTENT_PRISM_DEPTHS_NAME,Prism Depths,Adâncurile Prismei
CONTENT_UMBRAL_CHAPEL_NAME,Umbral Chapel,Capela Umbrală
CONTENT_VENOM_MIRE_NAME,Venom Mire,Mlaștina Veninoasă
CONTENT_ANGLE_OF_THE_LIGHT_DESCRIPTION,"Corrin's schedules end mid-column. Read three of the notices still standing in the Prism Depths and bring back what they say.",Orarul lui Corrin se oprește la mijlocul coloanei. Citește trei dintre anunțurile care încă stau în Adâncurile Prismei și adu înapoi ce spun ele.
CONTENT_AUDIT_THE_VAULT_DESCRIPTION,"The stock lists go down further than the aisles do. Get to the fourth floor and read what is stacked there.",Listele de stoc coboară mai adânc decât culoarele. Ajungi la etajul patru și citește ce este stivuit acolo.
CONTENT_BOUNTY_CASTLE_MUSTER_DESCRIPTION,"Standing bounty. Ten from the courtyard, any run. Vessit pays on the count, not on the story.",Recompensă permanentă. Zece din curte în orice expediție. Vessit plătește după număr nu după poveste.
CONTENT_BOUNTY_CRYSTAL_TITHE_DESCRIPTION,"Standing bounty. Six of the ones that keep the shape of a person and none of the weight. Bring nothing back; the counting is the work.",Recompensă permanentă. Șase dintre cei ce păstrează forma unui om și nimic din greutatea lui. Nu aduce nimic înapoi; număratul este munca.
CONTENT_BOUNTY_DEEP_SURVEY_DESCRIPTION,"Standing bounty. Reach the fourth floor of anything. Coming back up is not part of the contract, which Vessit says is the honest part.",Recompensă permanentă. Ajungi la etajul patru al oricărui loc. Întoarcerea nu face parte din contract ceea ce Vessit spune că este partea onestă.
CONTENT_BOUNTY_FEN_CULL_DESCRIPTION,"Standing bounty. Nettle counts drifters the way other people count debts. Eight.",Recompensă permanentă. Nettle numără rătăcitorii cum alții numără datoriile. Opt.
CONTENT_BOUNTY_FIRST_LANDING_DESCRIPTION,"Standing bounty. Three floors and back up. Vessit writes it down whether or not you come back up.",Recompensă permanentă. Trei etaje și înapoi sus. Vessit notează asta fie că te întorci fie că nu.
CONTENT_BOUNTY_HOLLOWED_DESCRIPTION,"Standing bounty. Six of the hollowed, out of the drift. They were garrison once and the order to hold was posted over the top of them.",Recompensă permanentă. Șase dintre goliți ieșiți din nămeți. Au fost odată garnizoană iar ordinul de a ține poziția a fost afișat peste ei.
CONTENT_BOUNTY_LANTERN_OIL_DESCRIPTION,"Standing bounty. Corrin needs iron for the brackets. Not good iron. Iron.",Recompensă permanentă. Corrin are nevoie de fier pentru console. Nu fier bun. Fier.
CONTENT_BOUNTY_NO_LAMP_LIT_DESCRIPTION,"Weekly bounty. Down to the thing at the bottom and out again, inside the quarter hour the lamps are dark for. Nobody has ever explained who put the lamps out.",Recompensă săptămânală. Coboară la lucrul de la fund și ieși din nou în sfertul de oră cât stau lămpile stinse. Nimeni nu a explicat vreodată cine a stins lămpile.
CONTENT_BOUNTY_PENITENTS_DESCRIPTION,"Standing bounty. Six penitents. Their ledger-pages are worn soft and the column that owes them is crossed through.",Recompensă permanentă. Șase pocăiți. Paginile lor de registru sunt tocite iar coloana care le datorează ceva este tăiată.
CONTENT_BOUNTY_QUIET_HOUR_DESCRIPTION,"Standing bounty. Down, through the boss, and out inside ten minutes. Between the last bell and the first, nothing is permitted to happen.",Recompensă permanentă. Jos prin șef și afară în zece minute. Între ultimul clopot și primul nimic nu are voie să se întâmple.
CONTENT_BOUNTY_RIME_DESCRIPTION,"Standing bounty. Four shards, still cold when they reach the board. Vessit checks.",Recompensă permanentă. Patru așchii încă reci când ajung la panou. Vessit verifică.
CONTENT_BOUNTY_SCRAP_RUN_DESCRIPTION,"Standing bounty. Five lengths of scrap, delivered without commentary.",Recompensă permanentă. Cinci bucăți de fier vechi livrate fără comentarii.
CONTENT_BOUNTY_SHADE_OFFICE_DESCRIPTION,"Standing bounty. Six from the nave. Odile will not say why the number matters and the board will not ask.",Recompensă permanentă. Șase din navă. Odile nu spune de ce contează numărul iar panoul nu întreabă.
CONTENT_BOUNTY_THE_LONG_COUNT_DESCRIPTION,"Weekly bounty. Twelve. The Chapter counted the same way, and for a while it looked like arithmetic.",Recompensă săptămânală. Doisprezece. Capitolul a numărat la fel iar pentru o vreme a părut aritmetică.
CONTENT_BOUNTY_VAULT_NEEDLES_DESCRIPTION,"Standing bounty. The vault's needles keep re-threading the aisles. Eight of them, in the vault, in one descent.",Recompensă permanentă. Acele seifului tot reînfiripă culoarele. Opt dintre ele în seif într-o singură coborâre.
CONTENT_BOUNTY_WALL_READINGS_DESCRIPTION,"Standing bounty. Three inscriptions, any depth, copied out. Odile pays for these herself and does not tell Vessit the rate.",Recompensă permanentă. Trei inscripții de la orice adâncime copiate. Odile plătește ea însăși pentru acestea și nu îi spune lui Vessit tariful.
CONTENT_CASS_THE_QUIET_HOUR_DESCRIPTION,"Cass keeps the lamps lit and counts what walks past them. Put down twelve of the things that walk past them.",Cass ține lămpile aprinse și numără ce trece pe lângă ele. Doborâți doisprezece dintre lucrurile care trec pe lângă ele.
CONTENT_CHILD_THE_KINDLING_DESCRIPTION,"The child asks you to go down and take nothing. Clear a floor without opening a single chest.",Copilul îți cere să cobori și să nu iei nimic. Curăță un etaj fără să deschizi niciun cufăr.
CONTENT_CLOSE_THE_COLUMN_DESCRIPTION,"Kell asks that it be done with a hammer, and that the hammer be counted out and counted back. He is very particular about the second part.",Kell cere să fie făcut cu un ciocan și ca ciocanul să fie numărat la plecare și la întoarcere. Este foarte atent la a doua parte.
CONTENT_ELEVEN_YEARS_DESCRIPTION,"She waited on the sixth landing for eleven years and the garrison stopped using that stair. She has a name and no further use for it.",A așteptat pe al șaselea palier unsprezece ani iar garnizoana a încetat să folosească acea scară. Are un nume și nicio altă folosință pentru el.
CONTENT_ESCAPE_CASTLE_DESCRIPTION,"Come back up the way you went down. Mira does not count that as an achievement, only as a habit worth forming.",Întoarce-te sus pe drumul pe care ai coborât. Mira nu socotește asta drept realizare ci doar un obicei ce merită format.
CONTENT_FETCH_SCRAP_DESCRIPTION,"Bring up a length of scrap. Aldric will not ask which wall it came out of.",Adu sus o bucată de fier vechi. Aldric nu va întreba din ce zid a ieșit.
CONTENT_HESPER_TRUE_NORTH_DESCRIPTION,"Hesper's maps disagree with the tower about which way is down. Read three of her survey stones and settle it.",Hărțile lui Hesper nu sunt de acord cu turnul asupra direcției în jos. Citește trei dintre pietrele ei de măsurătoare și lămurește-o.
CONTENT_HOLD_THE_GATE_DESCRIPTION,"Halbrek asks for twelve. He does not explain the number and he does not need to be asked twice for anything else.",Halbrek cere doisprezece. Nu explică numărul și nu trebuie întrebat de două ori pentru nimic altceva.
CONTENT_KILL_GRUNTS_DESCRIPTION,"Three of them still hold the courtyard against an order nobody has rescinded.",Trei dintre ei încă țin curtea împotriva unui ordin pe care nimeni nu l-a revocat.
CONTENT_LAMPWRIGHT_DESCRIPTION,"Nine lamps in a case, none of them lit since the angle moved, and one man who will not leave without them.",Nouă lămpi într-o cutie niciuna aprinsă de când s-a mutat unghiul și un om care nu pleacă fără ele.
CONTENT_NAME_THE_HIERARCH_DESCRIPTION,"The chapel keeps no hours and writes everything down anyway. Read four of its pages and the post at the bottom of them stops being anonymous.",Capela nu ține ore și totuși scrie totul. Citește patru din paginile ei iar postul de la capătul lor nu va mai fi anonim.
CONTENT_NO_COLOUR_DESCRIPTION,"The choir was tuned to the angle, not to any key. Corrin asks that the choirmaster be answered in glass, since glass is what he was tuned against.",Corul era acordat la unghi nu la vreo tonalitate. Corrin cere ca maestrului corului să i se răspundă în sticlă fiindcă sticla este ceea ce îl acorda.
CONTENT_ROLL_CALL_DESCRIPTION,"Somebody is still calling forty-one names at the sallyport. Vessit would like the caller brought up, and is careful not to say why.",Cineva încă strigă patruzeci și unu de nume la poarta laterală. Vessit ar vrea ca cel care strigă să fie adus sus și are grijă să nu spună de ce.
CONTENT_ROT_AND_REMEDY_DESCRIPTION,"The physician carried both in the same jar and stopped labelling which was which. Nettle labels hers, and needs four measures of resin to do it.",Medicul le purta pe amândouă în același borcan și a încetat să eticheteze care era care. Nettle le etichetează pe ale ei și are nevoie de patru măsuri de rășină pentru asta.
CONTENT_SEALED_REQUISITION_DESCRIPTION,"Three seals, unbroken. Kell wants to compare the stamp against the one on the crates in the long aisle.",Trei peceți neatinse. Kell vrea să compare ștampila cu cea de pe lăzile din culoarul lung.
CONTENT_SORREL_THE_UNMARKED_DESCRIPTION,"Sorrel marks the fallen so the tower cannot pretend they were never there. Three of her marks are still down in the dark. Find them.",Sorrel îi marchează pe cei căzuți ca turnul să nu se prefacă că nu au fost acolo. Trei dintre semnele ei sunt încă jos în întuneric. Găsește-le.
CONTENT_STRUCK_FROM_EVERY_COPY_DESCRIPTION,"The amendment is in one hand throughout. Odile wants three examples of it, so that she can stop calling it a rumour.",Amendamentul e scris de aceeași mână peste tot. Odile vrea trei exemple ca să poată înceta să-l numească zvon.
CONTENT_TALLOW_THE_LONG_WATCH_DESCRIPTION,"The Tallow Knight has stood the same watch for longer than the watch has existed. Go down four floors and come back up, so he has something new to stand watch over.",Cavalerul de Seu a ținut aceeași strajă mai mult decât a existat straja. Coboară patru etaje și întoarce-te sus ca să aibă ceva nou de vegheat.
CONTENT_THE_ACCOUNT_BALANCES_DESCRIPTION,"The last line was struck out of every copy in the library, in the same hand. Odile remembers it. Say it to him with the blade that carries it.",Ultimul rând a fost tăiat din fiecare copie din bibliotecă de aceeași mână. Odile și-l amintește. Spune-i-l cu lama care îl poartă.
CONTENT_THE_ACCOUNT_CLOSED_DESCRIPTION,"The account balanced and the building is still here. Somebody has to keep going down and confirming that it is still here.",Contul s-a echilibrat iar clădirea e încă aici. Cineva trebuie să tot coboare și să confirme că e încă aici.
CONTENT_THE_GATE_STANDS_DESCRIPTION,"The sallyport is open again and Halbrek has begun posting orders against it. Ten off the muster that was never amended.",Poarta laterală este din nou deschisă iar Halbrek a început să afișeze ordine împotriva ei. Zece din adunarea care nu a fost amendată niciodată.
CONTENT_THE_LAMPS_BURN_DESCRIPTION,"Corrin has brackets with something in them now. Three more readings by lamplight, and he will keep the lamps for as long as you keep bringing them.",Corrin are acum console cu ceva în ele. Încă trei citiri la lumina lămpii și va păstra lămpile cât timp îi aduci altele.
CONTENT_THE_LAST_MEASURE_DESCRIPTION,"There is a woman in the Venom Mire who has been minding her boots for years. Bring her up before the mire finishes the argument.",Există o femeie în Mlaștina Veninoasă care își păzește cizmele de ani. Adu-o sus înainte ca mlaștina să termine disputa.
CONTENT_THE_LECTOR_DESCRIPTION,"Thirty years of reading aloud and nobody thanked her once. She is still in the nave, and she is still carrying the line they struck out.",Treizeci de ani de citit cu glas tare și nimeni nu i-a mulțumit vreodată. E încă în navă și încă poartă rândul pe care l-au tăiat.
CONTENT_THE_OPEN_COLUMN_DESCRIPTION,"A clerk is somewhere in the Iron Vault with a page he has carried for eleven years. He will hand it over. He would rather hand over both.",Un funcționar este undeva în Seiful de Fier cu o pagină purtată de unsprezece ani. O va preda. Ar prefera să le predea pe amândouă.
CONTENT_THE_PRAYER_SAID_DESCRIPTION,"Odile says the rite is whole again and will not say who it is addressed to. Down, through, and out inside the hour she keeps.",Odile spune că ritul e din nou întreg și nu spune cui îi este adresat. Jos prin el și afară în ora pe care o ține.
CONTENT_THE_PROCESSION_DESCRIPTION,"They walked in single file with a censer each and nobody counted them out. Nettle would like eight of them counted back.",Au mers unul câte unul cu câte o cădelniță iar nimeni nu i-a numărat. Nettle ar vrea ca opt dintre ei să fie numărați înapoi.
CONTENT_THE_SALLYPORT_DESCRIPTION,"The sallyport greaves were made for men who had to be outside the wall and back before the horn finished. Fifteen minutes. The horn has not changed.",Greavele porții laterale au fost făcute pentru oameni care trebuiau să fie dincolo de zid și înapoi înainte ca cornul să se termine. Cincisprezece minute. Cornul nu s-a schimbat.
CONTENT_THE_SOCKET_ABOVE_THE_ALTAR_DESCRIPTION,"Something sat above the altar and was taken away carefully. Careful is worse than stolen. Bring back whatever will fit the socket.",Ceva stătea deasupra altarului și a fost luat cu grijă. Cu grijă e mai rău decât furat. Adu înapoi orice se va potrivi în locaș.
CONTENT_THIN_ENOUGH_DESCRIPTION,"Cut it thin enough and one lamp lights a city. Corrin wants three slivers and promises not to prove the second half of that sentence again.",Taie-l destul de subțire și o lampă luminează un oraș. Corrin vrea trei așchii și promite să nu mai demonstreze a doua jumătate a frazei.
CONTENT_VANE_THE_LAST_MUSTER_DESCRIPTION,"Vane mustered eleven wardens and buried nine. Kill twenty of what buried them and he will tell you the other two names.",Vane a adunat unsprezece străjeri și a îngropat nouă. Ucide douăzeci din ce i-a îngropat iar el îți va spune celelalte două nume.
CONTENT_ANGLE_OF_THE_LIGHT_TITLE,The Angle of the Light,Unghiul Luminii
CONTENT_AUDIT_THE_VAULT_TITLE,Audit,Auditul
CONTENT_BOUNTY_CASTLE_MUSTER_TITLE,Bounty: Muster,Recompensă: Adunarea
CONTENT_BOUNTY_CRYSTAL_TITHE_TITLE,Bounty: The Tithe in Glass,Recompensă: Zeciuiala în Sticlă
CONTENT_BOUNTY_DEEP_SURVEY_TITLE,Bounty: Survey,Recompensă: Cercetarea
CONTENT_BOUNTY_FEN_CULL_TITLE,Bounty: The Overflow,Recompensă: Revărsarea
CONTENT_BOUNTY_FIRST_LANDING_TITLE,Bounty: Three Floors Down,Recompensă: Trei Etaje Jos
CONTENT_BOUNTY_HOLLOWED_TITLE,Bounty: The Hollowed,Recompensă: Cei Goliți
CONTENT_BOUNTY_LANTERN_OIL_TITLE,Bounty: Lamp Iron,Recompensă: Fier pentru Lampă
CONTENT_BOUNTY_NO_LAMP_LIT_TITLE,Bounty: Without a Light,Recompensă: Fără Lumină
CONTENT_BOUNTY_PENITENTS_TITLE,Bounty: Penitents,Recompensă: Pocăiții
CONTENT_BOUNTY_QUIET_HOUR_TITLE,Bounty: The Quiet Hour,Recompensă: Ora Tăcută
CONTENT_BOUNTY_RIME_TITLE,Bounty: Cold Storage,Recompensă: Depozit Rece
CONTENT_BOUNTY_SCRAP_RUN_TITLE,Bounty: Salvage,Recompensă: Recuperare
CONTENT_BOUNTY_SHADE_OFFICE_TITLE,Bounty: Clerical Error,Recompensă: Eroare de Cancelarie
CONTENT_BOUNTY_THE_LONG_COUNT_TITLE,Bounty: The Long Count,Recompensă: Numărătoarea Lungă
CONTENT_BOUNTY_VAULT_NEEDLES_TITLE,Bounty: Needlework,Recompensă: Lucru cu Acul
CONTENT_BOUNTY_WALL_READINGS_TITLE,Bounty: Wall Readings,Recompensă: Citiri de pe Zid
CONTENT_CASS_THE_QUIET_HOUR_TITLE,The Quiet Hour,Ora Tăcută
CONTENT_CHILD_THE_KINDLING_TITLE,The Kindling,Aprinderea
CONTENT_CLOSE_THE_COLUMN_TITLE,Close the Column,Închide Coloana
CONTENT_ELEVEN_YEARS_TITLE,Eleven Years,Unsprezece Ani
CONTENT_ESCAPE_CASTLE_TITLE,Safe Return,Întoarcere în Siguranță
CONTENT_FETCH_SCRAP_TITLE,Salvage Duty,Datorie de Recuperare
CONTENT_HESPER_TRUE_NORTH_TITLE,True North,Nordul Adevărat
CONTENT_HOLD_THE_GATE_TITLE,Hold the Gate,Ține Poarta
CONTENT_KILL_GRUNTS_TITLE,Clear the Courtyard,Curăță Curtea
CONTENT_LAMPWRIGHT_TITLE,The Lampwright,Lămpașul
CONTENT_NAME_THE_HIERARCH_TITLE,Name the Hierarch,Numește Ierarhul
CONTENT_NO_COLOUR_TITLE,Prism of No Colour,Prisma Fără Culoare
CONTENT_ROLL_CALL_TITLE,The Roll,Apelul
CONTENT_ROT_AND_REMEDY_TITLE,Rot and Remedy,Putreziciune și Leac
CONTENT_SEALED_REQUISITION_TITLE,Sealed Requisition,Rechiziție Pecetluită
CONTENT_SORREL_THE_UNMARKED_TITLE,The Unmarked,Cei Nemarcați
CONTENT_STRUCK_FROM_EVERY_COPY_TITLE,Struck From Every Copy,Șters din Fiecare Copie
CONTENT_TALLOW_THE_LONG_WATCH_TITLE,The Long Watch,Straja Lungă
CONTENT_THE_ACCOUNT_BALANCES_TITLE,The Account Balances,Contul se Echilibrează
CONTENT_THE_ACCOUNT_CLOSED_TITLE,Standing Order: The Last Entry,Ordin Permanent: Ultima Intrare
CONTENT_THE_GATE_STANDS_TITLE,Standing Order: The Gate Holds,Ordin Permanent: Poarta Rezistă
CONTENT_THE_LAMPS_BURN_TITLE,Standing Order: Trim the Wicks,Ordin Permanent: Scurtează Fitilurile
CONTENT_THE_LAST_MEASURE_TITLE,The Last Measure,Ultima Măsură
CONTENT_THE_LECTOR_TITLE,The Lector,Lectorul
CONTENT_THE_OPEN_COLUMN_TITLE,The Open Column,Coloana Deschisă
CONTENT_THE_PRAYER_SAID_TITLE,Standing Order: The Hour Kept,Ordin Permanent: Ora Păstrată
CONTENT_THE_PROCESSION_TITLE,The Procession,Procesiunea
CONTENT_THE_SALLYPORT_TITLE,Out and Back Before the Horn,Afară și Înapoi Înainte de Corn
CONTENT_THE_SOCKET_ABOVE_THE_ALTAR_TITLE,The Socket Above the Altar,Locașul de deasupra Altarului
CONTENT_THIN_ENOUGH_TITLE,Thin Enough,Destul de Subțire
CONTENT_VANE_THE_LAST_MUSTER_TITLE,The Last Muster,Ultima Adunare
CONTENT_CASTLE_AMULET_NAME,Castle Amulet,Amuleta Castelului
CONTENT_CASTLE_AMULET_DESCRIPTION,An amulet warding off harm.,O amuletă care alungă răul.
CONTENT_CASTLE_BANNER_NAME,Castle War Banner,Stindard de Război al Castelului
CONTENT_CASTLE_BANNER_DESCRIPTION,A battle-worn banner fragment that bolsters resolve.,Un fragment de stindard încercat în luptă care întărește hotărârea.
CONTENT_CASTLE_BOOTS_NAME,Castle Boots,Cizmele Castelului
CONTENT_CASTLE_BOOTS_DESCRIPTION,Sturdy boots for long dungeon treks.,Cizme trainice pentru drumuri lungi prin temnițe.
CONTENT_CASTLE_BUCKLER_NAME,Castle Buckler,Pavăza Castelului
CONTENT_CASTLE_BUCKLER_DESCRIPTION,A small shield for off-hand defense.,Un scut mic pentru apărarea cu mâna secundară.
CONTENT_CASTLE_CHALICE_NAME,Castle Chalice,Potirul Castelului
CONTENT_CASTLE_CHALICE_DESCRIPTION,A sacred chalice that mends wounds over time.,Un potir sacru care vindecă rănile în timp.
CONTENT_CASTLE_CROWN_NAME,Castle Crown,Coroana Castelului
CONTENT_CASTLE_CROWN_DESCRIPTION,A tarnished crown radiating regal authority.,O coroană pătată care emană autoritate regală.
CONTENT_CASTLE_GAUNTLETS_NAME,Castle Gauntlets,Mănușile de Fier ale Castelului
CONTENT_CASTLE_GAUNTLETS_DESCRIPTION,Iron gauntlets.,Mănuși de fier.
CONTENT_CASTLE_HELM_NAME,Castle Helm,Coiful Castelului
CONTENT_CASTLE_HELM_DESCRIPTION,A dented helm from the castle armory.,Un coif îndoit din arsenalul castelului.
CONTENT_CASTLE_PLATE_NAME,Castle Plate,Platoșa Castelului
CONTENT_CASTLE_PLATE_DESCRIPTION,Heavy chest armor with decent protection.,Armură grea pentru piept cu protecție bună.
CONTENT_CASTLE_RING_NAME,Castle Signet Ring,Inelul Sigilar al Castelului
CONTENT_CASTLE_RING_DESCRIPTION,A signet ring with a faint magical aura.,Un inel sigilar cu o aură magică slabă.
CONTENT_CASTLE_SWORD_NAME,Castle Sword,Sabia Castelului
CONTENT_CASTLE_SWORD_DESCRIPTION,A sturdy blade found in the castle.,O lamă trainică găsită în castel.
CONTENT_CATHEDRAL_ARCANE_STAFF_NAME,Cathedral Arcane Staff,Toiag Arcan al Catedralei
CONTENT_CATHEDRAL_ARCANE_STAFF_DESCRIPTION,"Holy sigils spiral the shaft, amplifying arcane strikes.",Sigilii sfinte se învârt pe tijă amplificând loviturile arcane.
CONTENT_CATHEDRAL_GLOVES_NAME,Cathedral Gloves,Mănușile Catedralei
CONTENT_CATHEDRAL_GLOVES_DESCRIPTION,Woven linen gloves stained with votive ash from a hundred rites.,Mănuși țesute din in pătate de cenușa votivă a o sută de rituri.
CONTENT_CATHEDRAL_HOLY_CHARM_NAME,Cathedral Holy Charm,Talisman Sfânt al Catedralei
CONTENT_CATHEDRAL_HOLY_CHARM_DESCRIPTION,Blessed silver that glows faintly near the unholy.,Argint binecuvântat care strălucește slab lângă cei nelegiuiți.
CONTENT_CATHEDRAL_PILGRIM_BOOTS_NAME,Cathedral Pilgrim Boots,Cizmele Pelerinului Catedralei
CONTENT_CATHEDRAL_PILGRIM_BOOTS_DESCRIPTION,Worn leather soles shaped by a pilgrimage that never ended.,Tălpi de piele uzate modelate de un pelerinaj care nu s-a terminat niciodată.
CONTENT_CATHEDRAL_SANCTUM_RING_NAME,Cathedral Sanctum Ring,Inelul Sanctuarului Catedralei
CONTENT_CATHEDRAL_SANCTUM_RING_DESCRIPTION,A sanctum seal bent into a ring — authority outlives the priest.,O pecete de sanctuar îndoită într-un inel — autoritatea supraviețuiește preotului.
CONTENT_CATHEDRAL_SHADOW_CLOAK_NAME,Cathedral Umbral Cloak,Mantaua Umbrală a Catedralei
CONTENT_CATHEDRAL_SHADOW_CLOAK_DESCRIPTION,Cathedral black wool that drinks torchlight at the edges.,Lână neagră de catedrală care absoarbe lumina torței la margini.
CONTENT_CATHEDRAL_SHADOW_DAGGER_NAME,Cathedral Umbral Dagger,Pumnalul Umbral al Catedralei
CONTENT_CATHEDRAL_SHADOW_DAGGER_DESCRIPTION,"Blessed steel twisted for silent work, and quiet enough to leave no umbral of its own.",Oțel binecuvântat răsucit pentru muncă tăcută și destul de liniștit încât să nu lase propria umbră.
CONTENT_CATHEDRAL_WARDEN_HELM_NAME,Cathedral Warden Helm,Coiful Străjerului Catedralei
CONTENT_CATHEDRAL_WARDEN_HELM_DESCRIPTION,"A warden's crest hammered into steel, still demanding order.",O stemă de străjer bătută în oțel care încă cere ordine.
CONTENT_CRYSTAL_BOW_NAME,Crystal Bow,Arcul de Cristal
CONTENT_CRYSTAL_BOW_DESCRIPTION,Drawn string hums with brittle light; arrows bite hard.,Coarda întinsă zumzăie cu lumină casantă; săgețile mușcă tare.
CONTENT_CRYSTAL_FROST_RING_NAME,Crystal Frost Ring,Inelul de Îngheț Cristalin
CONTENT_CRYSTAL_FROST_RING_DESCRIPTION,A ring of eternal frost that chills attackers.,Un inel de îngheț etern care răcește atacatorii.
CONTENT_CRYSTAL_PRISM_AMULET_NAME,Crystal Prism Amulet,Amuleta Prismei de Cristal
CONTENT_CRYSTAL_PRISM_AMULET_DESCRIPTION,Refracts arcane energy to shield the wearer.,Refractă energia arcană pentru a-l proteja pe purtător.
CONTENT_CRYSTAL_SHARD_BLADE_NAME,Crystal Shard Blade,Lama cu Așchii de Cristal
CONTENT_CRYSTAL_SHARD_BLADE_DESCRIPTION,A sword edged with razor-sharp crystal shards.,O sabie cu marginea plină de așchii de cristal ascuțite ca briciul.
CONTENT_EMBER_GAUNTLETS_NAME,Ember Gauntlets,Mănuși cu Tăciuni
CONTENT_EMBER_GAUNTLETS_DESCRIPTION,Heat lingers in the runes — each parry sparks like dry tinder.,Căldura stăruie în rune — fiecare parare scânteiază ca iasca uscată.
CONTENT_FLAME_SWORD_NAME,Flame Sword,Sabia Flăcării
CONTENT_FLAME_SWORD_DESCRIPTION,Runes along the fuller smolder even when the blade rests.,Runele de-a lungul lamei mocnesc chiar și când sabia se odihnește.
CONTENT_FROST_AMULET_NAME,Frost Amulet,Amuleta Înghețului
CONTENT_FROST_AMULET_DESCRIPTION,A shard of eternal ice warms only when your pulse slows.,O așchie de gheață eternă se încălzește numai când îți încetinește pulsul.
CONTENT_FROST_GAUNTLETS_NAME,Frost Gauntlets,Mănușile Înghețului
CONTENT_FROST_GAUNTLETS_DESCRIPTION,Gauntlets rimed in hoarfrost; steel bites colder with them.,Mănuși acoperite de chiciură; oțelul mușcă mai rece cu ele.
CONTENT_FROST_GLACIER_SWORD_NAME,Frost Glacier Sword,Sabia Ghețarului Înghețat
CONTENT_FROST_GLACIER_SWORD_DESCRIPTION,Ice crystals creep along the edge; each swing leaves a chill.,Cristale de gheață se târăsc pe margine; fiecare lovitură lasă frig.
CONTENT_FROST_ICE_RING_NAME,Frost Ice Ring,Inelul Gheții Înghețate
CONTENT_FROST_ICE_RING_DESCRIPTION,A ring of blue ice that numbs the hand but steadies the aim.,Un inel de gheață albastră care amorțește mâna dar stabilizează ținta.
CONTENT_FROST_KNIGHT_HELM_NAME,Frost Knight Helm,Coiful Cavalerului Înghețului
CONTENT_FROST_KNIGHT_HELM_DESCRIPTION,A helm sealed in rime; breath fogs inside like a tomb.,Un coif pecetluit în chiciură; răsuflarea se încețoșează înăuntru ca într-un mormânt.
CONTENT_FROST_KNIGHT_PLATE_NAME,Frost Knight Plate,Platoșa Cavalerului Înghețului
CONTENT_FROST_KNIGHT_PLATE_DESCRIPTION,Plate armor frozen to a knight who never thawed.,Armură de plăci înghețată pe un cavaler care nu s-a dezghețat niciodată.
CONTENT_FROST_RAIDER_BOOTS_NAME,Frost Raider Boots,Cizmele Jefuitorului Înghețului
CONTENT_FROST_RAIDER_BOOTS_DESCRIPTION,"Hide boots rimed with ice — raiders hear you, but rarely catch you.",Cizme de piele tivite cu gheață — jefuitorii te aud dar rareori te prind.
CONTENT_FROST_WARLORD_BLADE_NAME,Frost Warlord Blade,Lama Lordului Războiului Înghețului
CONTENT_FROST_WARLORD_BLADE_DESCRIPTION,"Forged in glacial depths, it drinks warmth from every wound.",Făurită în adâncuri glaciare bea căldură din fiecare rană.
CONTENT_GOLD_RING_NAME,Gold Ring,Inel de Aur
CONTENT_GOLD_RING_DESCRIPTION,Heavy gold without hallmark — looted from a treasury that rewinds.,Aur greu fără marcă — jefuit dintr-o vistierie care se derulează înapoi.
CONTENT_HUNTER_BOW_NAME,Hunter Bow,Arcul Vânătorului
CONTENT_HUNTER_BOW_DESCRIPTION,A reliable bow for ranged hunts.,Un arc sigur pentru vânători la distanță.
CONTENT_IRON_BOOTS_NAME,Iron Boots,Cizme de Fier
CONTENT_IRON_BOOTS_DESCRIPTION,Iron soles that ring on stone — you always hear yourself coming.,Tălpi de fier care sună pe piatră — te auzi mereu venind.
CONTENT_IRON_GAUNTLETS_NAME,Iron Gauntlets,Mănuși de Fier
CONTENT_IRON_GAUNTLETS_DESCRIPTION,Thick gauntlets that trade dexterity for one more swing.,Mănuși groase care schimbă dexteritatea pentru încă o lovitură.
CONTENT_IRON_HELM_NAME,Iron Helm,Coif de Fier
CONTENT_IRON_HELM_DESCRIPTION,A bucket helm dented by countless tower umbrals.,Un coif de tip găleată îndoit de nenumărate umbre ale turnului.
CONTENT_IRON_PLATE_NAME,Iron Plate,Platoșă de Fier
CONTENT_IRON_PLATE_DESCRIPTION,"Riveted plates scavenged from fallen wardens. Heavy, honest, unremarkable.",Plăci nituite recuperate de la străjerii căzuți. Grele oneste și neieșite din comun.
CONTENT_IRON_SWORD_NAME,Iron Sword,Sabie de Fier
CONTENT_IRON_SWORD_DESCRIPTION,A serviceable blade for those who cannot afford castle steel.,O lamă folositoare pentru cei ce nu-și permit oțelul castelului.
CONTENT_JADE_AMULET_NAME,Jade Amulet,Amuleta de Jad
CONTENT_JADE_AMULET_DESCRIPTION,Pale jade cool against the skin — a charm from before the reset.,Jad pal rece pe piele — un talisman dinaintea resetării.
CONTENT_KNIGHT_BLADE_NAME,Knight Blade,Lama Cavalerului
CONTENT_KNIGHT_BLADE_DESCRIPTION,"Heavier than a patrol sword, favored by oath-sworn knights.",Mai grea decât o sabie de patrulă preferată de cavalerii jurați.
CONTENT_MYTHIC_AEGIS_NAME,Mythic Aegis,Egida Mitică
CONTENT_MYTHIC_AEGIS_DESCRIPTION,A tower-forged buckler said to have turned a sovereign's blow once.,O pavăză făurită în turn despre care se spune că a întors odată lovitura unui suveran.
CONTENT_MYTHIC_BLADE_NAME,Mythic Blade,Lama Mitică
CONTENT_MYTHIC_BLADE_DESCRIPTION,"A relic of a war no one remembers, still hungry for battle.",O relicvă dintr-un război pe care nimeni nu-l mai ține minte încă flămândă de luptă.
CONTENT_MYTHIC_CROWN_NAME,Mythic Crown,Coroana Mitică
CONTENT_MYTHIC_CROWN_DESCRIPTION,A circlet of forgotten kings — weighty with names no one speaks.,O coroniță a regilor uitați — grea de nume pe care nimeni nu le rostește.
CONTENT_MYTHIC_RING_NAME,Mythic Ring,Inelul Mitic
CONTENT_MYTHIC_RING_DESCRIPTION,A band of star-metal humming at the tower's threshold.,O verigă de metal stelar care zumzăie la pragul turnului.
CONTENT_ROGUE_DAGGER_NAME,Rogue Dagger,Pumnalul Nelegiuitului
CONTENT_ROGUE_DAGGER_DESCRIPTION,A quick blade favored by rogues.,O lamă rapidă preferată de nelegiuiți.
CONTENT_RUBY_AMULET_NAME,Ruby Amulet,Amuleta de Rubin
CONTENT_RUBY_AMULET_DESCRIPTION,A blood-ruby set in bronze; superstition calls it lucky.,Un rubin de sânge așezat în bronz; superstiția îl numește norocos.
CONTENT_SAGE_STAFF_NAME,Sage Staff,Toiagul Înțeleptului
CONTENT_SAGE_STAFF_DESCRIPTION,"A focus for channelled force, as much blunt instrument as wand.",Un focar pentru forță canalizată la fel de mult armă bontă ca baghetă.
CONTENT_SILVER_RING_NAME,Silver Ring,Inel de Argint
CONTENT_SILVER_RING_DESCRIPTION,Tarnished silver etched with oath-glyphs worn smooth by time.,Argint pătat gravat cu glife ale jurământului netezite de timp.
CONTENT_STEEL_BOOTS_NAME,Steel Boots,Cizme de Oțel
CONTENT_STEEL_BOOTS_DESCRIPTION,Steel shanks that keep footing on blood-slick flagstones.,Tije de oțel care îți păstrează sprijinul pe dale alunecoase de sânge.
CONTENT_STEEL_GAUNTLETS_NAME,Steel Gauntlets,Mănuși de Oțel
CONTENT_STEEL_GAUNTLETS_DESCRIPTION,Articulated steel fingers built for gripping a great blade.,Degete articulate de oțel făcute pentru a prinde o lamă mare.
CONTENT_STEEL_HELM_NAME,Steel Helm,Coif de Oțel
CONTENT_STEEL_HELM_DESCRIPTION,Visored steel that hides fear as well as it stops blades.,Oțel cu vizieră care ascunde frica la fel de bine cum oprește lamele.
CONTENT_STEEL_PLATE_NAME,Steel Plate,Platoșă de Oțel
CONTENT_STEEL_PLATE_DESCRIPTION,Castle-forged plate still bearing a warden's inventory mark.,Plăci făurite în castel care încă poartă marca de inventar a unui străjer.
CONTENT_SWAMP_BOG_BOOTS_NAME,Swamp Bog Boots,Cizmele Mlaștinii
CONTENT_SWAMP_BOG_BOOTS_DESCRIPTION,Waterlogged boots that grip treacherous mire.,Cizme îmbibate cu apă care prind mlaștina înșelătoare.
CONTENT_SWAMP_MIRE_CHARM_NAME,Swamp Mire Charm,Talismanul Mlaștinii
CONTENT_SWAMP_MIRE_CHARM_DESCRIPTION,A fetish charm that dulls venomous bites.,Un talisman fetiș care domolește mușcăturile veninoase.
CONTENT_SWAMP_TOXIN_DAGGER_NAME,Swamp Toxin Dagger,Pumnalul cu Toxină de Mlaștină
CONTENT_SWAMP_TOXIN_DAGGER_DESCRIPTION,A dagger coated in caustic bog toxins.,Un pumnal acoperit cu toxine caustice de mlaștină.
CONTENT_TIDE_BOOTS_NAME,Tide Boots,Cizme de Maree
CONTENT_TIDE_BOOTS_DESCRIPTION,Salt-stitched boots that grip wet stone like a dockhand's tread.,Cizme cusute cu sare care prind piatra udă ca pasul unui docher.
CONTENT_TRAINING_GREATSWORD_NAME,Training Greatsword,Spadă Mare de Antrenament
CONTENT_TRAINING_GREATSWORD_DESCRIPTION,A heavy greatsword for learning wide swings.,O spadă mare grea pentru a învăța lovituri largi.
CONTENT_GUARD_SPEAR_NAME,Guard Spear,Sulița Străjerului
CONTENT_GUARD_SPEAR_DESCRIPTION,A long spear suited for disciplined guards.,O suliță lungă potrivită pentru străjeri disciplinați.
CONTENT_VENOM_DAGGER_NAME,Venom Dagger,Pumnalul Veninului
CONTENT_VENOM_DAGGER_DESCRIPTION,A thin coat of mire toxin waits on the edge.,Un strat subțire de toxină de mlaștină așteaptă pe margine.
CONTENT_VOID_AMULET_NAME,Void Amulet,Amuleta Vidului
CONTENT_VOID_AMULET_DESCRIPTION,Dark glass that seems to swallow the torchlight around your throat.,Sticlă întunecată care pare să înghită lumina torței din jurul gâtului tău.
CONTENT_WAR_HAMMER_NAME,War Hammer,Ciocan de Război
CONTENT_WAR_HAMMER_DESCRIPTION,Crushing weight behind every swing—poise breaks before bone.,Greutate zdrobitoare în spatele fiecărei lovituri — echilibrul se frânge înaintea osului.
CONTENT_GRAYSTEEL_BAND_NAME,Graysteel Band,Inel de Oțel Cenușiu
CONTENT_GRAYSTEEL_BAND_DESCRIPTION,"Sized for a finger that is no longer attached to anyone. Vault-stock, stamped and stacked for a war that was called off.",Potrivit pentru un deget care nu mai aparține nimănui. Stoc de seif ștanțat și stivuit pentru un război anulat.
CONTENT_GRAYSTEEL_CUIRASS_NAME,Graysteel Cuirass,Cuirasă de Oțel Cenușiu
CONTENT_GRAYSTEEL_CUIRASS_DESCRIPTION,"Straps replaced more often than the plate they hold. Vault-stock, stamped and stacked for a war that was called off. Scaling: Strength C.",Curele înlocuite mai des decât plăcile pe care le țin. Stoc de seif ștanțat și stivuit pentru un război anulat. Scalare: Forță C.
CONTENT_GRAYSTEEL_GAUNTLETS_NAME,Graysteel Gauntlets,Mănuși de Oțel Cenușiu
CONTENT_GRAYSTEEL_GAUNTLETS_DESCRIPTION,"Worn thin at the knuckles, thick everywhere else. Vault-stock, stamped and stacked for a war that was called off. Scaling: Strength D.",Uzate subțire la încheieturi groase peste tot în rest. Stoc de seif ștanțat și stivuit pentru un război anulat. Scalare: Forță D.
CONTENT_GRAYSTEEL_GREATSWORD_NAME,Graysteel Greatsword,Spadă Mare de Oțel Cenușiu
CONTENT_GRAYSTEEL_GREATSWORD_DESCRIPTION,"Two hands, and a promise not to step back. Vault-stock, stamped and stacked for a war that was called off. Scaling: Strength B, Dexterity E.",Două mâini și promisiunea de a nu face un pas înapoi. Stoc de seif ștanțat și stivuit pentru un război anulat. Scalare: Forță B Dexteritate E.
CONTENT_GRAYSTEEL_GREAVES_NAME,Graysteel Greaves,Greave de Oțel Cenușiu
CONTENT_GRAYSTEEL_GREAVES_DESCRIPTION,"Mud to the ankle, and none of it from this floor. Vault-stock, stamped and stacked for a war that was called off. Scaling: Strength D.",Noroi până la gleznă și nimic din el de pe acest etaj. Stoc de seif ștanțat și stivuit pentru un război anulat. Scalare: Forță D.
CONTENT_GRAYSTEEL_HALBERD_NAME,Graysteel Halberd,Halebardă de Oțel Cenușiu
CONTENT_GRAYSTEEL_HALBERD_DESCRIPTION,"Carried by gatekeepers who never once opened the gate. Vault-stock, stamped and stacked for a war that was called off. Scaling: Strength B, Dexterity C.",Purtată de paznici de poartă care nu au deschis-o niciodată. Stoc de seif ștanțat și stivuit pentru un război anulat. Scalare: Forță B Dexteritate C.
CONTENT_GRAYSTEEL_HELM_NAME,Graysteel Helm,Coif de Oțel Cenușiu
CONTENT_GRAYSTEEL_HELM_DESCRIPTION,"The visor is dented inward. It was not removed in time. Vault-stock, stamped and stacked for a war that was called off. Scaling: Strength D.",Viziera e îndoită spre interior. Nu a fost scoasă la timp. Stoc de seif ștanțat și stivuit pentru un război anulat. Scalare: Forță D.
CONTENT_GRAYSTEEL_KITESHIELD_NAME,Graysteel Kite Shield,Scut Zmeu de Oțel Cenușiu
CONTENT_GRAYSTEEL_KITESHIELD_DESCRIPTION,"The heraldry has worn to a shape nobody can name. Vault-stock, stamped and stacked for a war that was called off. Scaling: Strength C.",Heraldica s-a uzat până la o formă pe care nimeni nu o poate numi. Stoc de seif ștanțat și stivuit pentru un război anulat. Scalare: Forță C.
CONTENT_GRAYSTEEL_LONGSWORD_NAME,Graysteel Longsword,Sabie Lungă de Oțel Cenușiu
CONTENT_GRAYSTEEL_LONGSWORD_DESCRIPTION,"Long enough to keep a stranger honest. Vault-stock, stamped and stacked for a war that was called off. Scaling: Strength C, Dexterity C.",Destul de lungă pentru a ține un străin cinstit. Stoc de seif ștanțat și stivuit pentru un război anulat. Scalare: Forță C Dexteritate C.
CONTENT_GRAYSTEEL_PENDANT_NAME,Graysteel Pendant,Pandantiv de Oțel Cenușiu
CONTENT_GRAYSTEEL_PENDANT_DESCRIPTION,"The chain is newer than the stone by several centuries. Vault-stock, stamped and stacked for a war that was called off.",Lanțul e mai nou decât piatra cu câteva secole. Stoc de seif ștanțat și stivuit pentru un război anulat.
CONTENT_GRAYSTEEL_SHORTSWORD_NAME,Graysteel Shortsword,Sabie Scurtă de Oțel Cenușiu
CONTENT_GRAYSTEEL_SHORTSWORD_DESCRIPTION,"Issued by the hundred, buried by the hundred. Vault-stock, stamped and stacked for a war that was called off. Scaling: Strength C, Dexterity C.",Emisă cu sutele îngropată cu sutele. Stoc de seif ștanțat și stivuit pentru un război anulat. Scalare: Forță C Dexteritate C.
CONTENT_GRAYSTEEL_WARAXE_NAME,Graysteel War Axe,Topor de Război din Oțel Cenușiu
CONTENT_GRAYSTEEL_WARAXE_DESCRIPTION,"It began as a tool. Nobody remembers for what. Vault-stock, stamped and stacked for a war that was called off. Scaling: Strength B, Dexterity D.",A început ca unealtă. Nimeni nu-și amintește pentru ce. Stoc de seif ștanțat și stivuit pentru un război anulat. Scalare: Forță B Dexteritate D.
CONTENT_GRAYSTEEL_WARHAMMER_NAME,Graysteel Warhammer,Ciocan de Război din Oțel Cenușiu
CONTENT_GRAYSTEEL_WARHAMMER_DESCRIPTION,"Plate is a suggestion. This is the rebuttal. Vault-stock, stamped and stacked for a war that was called off. Scaling: Strength A, Dexterity E.",Platoșa este o sugestie. Acesta este răspunsul. Stoc de seif ștanțat și stivuit pentru un război anulat. Scalare: Forță A Dexteritate E.
CONTENT_HOARFROST_CUIRASS_NAME,Hoarfrost Cuirass,Cuirasă de Chiciură
CONTENT_HOARFROST_CUIRASS_DESCRIPTION,"Straps replaced more often than the plate they hold. Quenched in meltwater that never fully melted. Scaling: Strength C.",Curele înlocuite mai des decât plăcile pe care le țin. Călită în apă de topire care nu s-a topit deplin niciodată. Scalare: Forță C.
CONTENT_HOARFROST_GAUNTLETS_NAME,Hoarfrost Gauntlets,Mănuși de Chiciură
CONTENT_HOARFROST_GAUNTLETS_DESCRIPTION,"Worn thin at the knuckles, thick everywhere else. Quenched in meltwater that never fully melted. Scaling: Strength D.",Uzate subțire la încheieturi groase peste tot în rest. Călite în apă de topire care nu s-a topit deplin niciodată. Scalare: Forță D.
CONTENT_HOARFROST_GREATSWORD_NAME,Hoarfrost Greatsword,Spadă Mare de Chiciură
CONTENT_HOARFROST_GREATSWORD_DESCRIPTION,"Two hands, and a promise not to step back. Quenched in meltwater that never fully melted. Scaling: Strength B, Dexterity E.",Două mâini și promisiunea de a nu face un pas înapoi. Călită în apă de topire care nu s-a topit deplin niciodată. Scalare: Forță B Dexteritate E.
CONTENT_HOARFROST_GREAVES_NAME,Hoarfrost Greaves,Greave de Chiciură
CONTENT_HOARFROST_GREAVES_DESCRIPTION,"Mud to the ankle, and none of it from this floor. Quenched in meltwater that never fully melted. Scaling: Strength D.",Noroi până la gleznă și nimic din el de pe acest etaj. Călite în apă de topire care nu s-a topit deplin niciodată. Scalare: Forță D.
CONTENT_HOARFROST_HALBERD_NAME,Hoarfrost Halberd,Halebardă de Chiciură
CONTENT_HOARFROST_HALBERD_DESCRIPTION,"Carried by gatekeepers who never once opened the gate. Quenched in meltwater that never fully melted. Scaling: Strength B, Dexterity C.",Purtată de paznici de poartă care nu au deschis-o niciodată. Călită în apă de topire care nu s-a topit deplin niciodată. Scalare: Forță B Dexteritate C.
CONTENT_HOARFROST_HELM_NAME,Hoarfrost Helm,Coif de Chiciură
CONTENT_HOARFROST_HELM_DESCRIPTION,"The visor is dented inward. It was not removed in time. Quenched in meltwater that never fully melted. Scaling: Strength D.",Viziera e îndoită spre interior. Nu a fost scoasă la timp. Călită în apă de topire care nu s-a topit deplin niciodată. Scalare: Forță D.
CONTENT_HOARFROST_KITESHIELD_NAME,Hoarfrost Kite Shield,Scut Zmeu de Chiciură
CONTENT_HOARFROST_KITESHIELD_DESCRIPTION,"The heraldry has worn to a shape nobody can name. Quenched in meltwater that never fully melted. Scaling: Strength C.",Heraldica s-a uzat până la o formă pe care nimeni nu o poate numi. Călită în apă de topire care nu s-a topit deplin niciodată. Scalare: Forță C.
CONTENT_HOARFROST_LONGBOW_NAME,Hoarfrost Longbow,Arc Lung de Chiciură
CONTENT_HOARFROST_LONGBOW_DESCRIPTION,"A stave taller than the archer, and older. Quenched in meltwater that never fully melted. Scaling: Strength D, Dexterity A.",O tijă mai înaltă decât arcașul și mai veche. Călită în apă de topire care nu s-a topit deplin niciodată. Scalare: Forță D Dexteritate A.
CONTENT_HOARFROST_LONGSWORD_NAME,Hoarfrost Longsword,Sabie Lungă de Chiciură
CONTENT_HOARFROST_LONGSWORD_DESCRIPTION,"Long enough to keep a stranger honest. Quenched in meltwater that never fully melted. Scaling: Strength C, Dexterity C.",Destul de lungă pentru a ține un străin cinstit. Călită în apă de topire care nu s-a topit deplin niciodată. Scalare: Forță C Dexteritate C.
CONTENT_HOARFROST_PENDANT_NAME,Hoarfrost Pendant,Pandantiv de Chiciură
CONTENT_HOARFROST_PENDANT_DESCRIPTION,"The chain is newer than the stone by several centuries. Quenched in meltwater that never fully melted.",Lanțul e mai nou decât piatra cu câteva secole. Călită în apă de topire care nu s-a topit deplin niciodată.
CONTENT_HOARFROST_TOWERSHIELD_NAME,Hoarfrost Tower Shield,Scut Turn de Chiciură
CONTENT_HOARFROST_TOWERSHIELD_DESCRIPTION,"A wall you have to carry. Most people put it down. Quenched in meltwater that never fully melted. Scaling: Strength B.",Un zid pe care trebuie să-l porți. Cei mai mulți îl lasă jos. Călit în apă de topire care nu s-a topit deplin niciodată. Scalare: Forță B.
CONTENT_HOARFROST_WARHAMMER_NAME,Hoarfrost Warhammer,Ciocan de Război de Chiciură
CONTENT_HOARFROST_WARHAMMER_DESCRIPTION,"Plate is a suggestion. This is the rebuttal. Quenched in meltwater that never fully melted. Scaling: Strength A, Dexterity E.",Platoșa este o sugestie. Acesta este răspunsul. Călit în apă de topire care nu s-a topit deplin niciodată. Scalare: Forță A Dexteritate E.
CONTENT_PITIRON_BAND_NAME,Pit-Iron Band,Inel de Fier de Groapă
CONTENT_PITIRON_BAND_DESCRIPTION,Sized for a finger that is no longer attached to anyone. Dug out of the courtyard pit and never properly cleaned.,Potrivit pentru un deget care nu mai aparține nimănui. Scos din groapa curții și niciodată curățat cum trebuie.
CONTENT_PITIRON_BUCKLER_NAME,Pit-Iron Buckler,Pavăză de Fier de Groapă
CONTENT_PITIRON_BUCKLER_DESCRIPTION,"Too small to hide behind. Large enough to turn one blow. Dug out of the courtyard pit and never properly cleaned. Scaling: Strength D.",Prea mică pentru a te ascunde în spatele ei. Destul de mare pentru a întoarce o lovitură. Scoasă din groapa curții și niciodată curățată cum trebuie. Scalare: Forță D.
CONTENT_PITIRON_CUIRASS_NAME,Pit-Iron Cuirass,Cuirasă de Fier de Groapă
CONTENT_PITIRON_CUIRASS_DESCRIPTION,"Straps replaced more often than the plate they hold. Dug out of the courtyard pit and never properly cleaned. Scaling: Strength C.",Curele înlocuite mai des decât plăcile pe care le țin. Scoasă din groapa curții și niciodată curățată cum trebuie. Scalare: Forță C.
CONTENT_PITIRON_DAGGER_NAME,Pit-Iron Dagger,Pumnal de Fier de Groapă
CONTENT_PITIRON_DAGGER_DESCRIPTION,"Short enough to carry where blades are forbidden. Dug out of the courtyard pit and never properly cleaned. Scaling: Strength E, Dexterity B.",Destul de scurt pentru a fi purtat unde lamele sunt interzise. Scos din groapa curții și niciodată curățat cum trebuie. Scalare: Forță E Dexteritate B.
CONTENT_PITIRON_GAUNTLETS_NAME,Pit-Iron Gauntlets,Mănuși de Fier de Groapă
CONTENT_PITIRON_GAUNTLETS_DESCRIPTION,"Worn thin at the knuckles, thick everywhere else. Dug out of the courtyard pit and never properly cleaned. Scaling: Strength D.",Uzate subțire la încheieturi groase peste tot în rest. Scoase din groapa curții și niciodată curățate cum trebuie. Scalare: Forță D.
CONTENT_PITIRON_GREAVES_NAME,Pit-Iron Greaves,Greave de Fier de Groapă
CONTENT_PITIRON_GREAVES_DESCRIPTION,"Mud to the ankle, and none of it from this floor. Dug out of the courtyard pit and never properly cleaned. Scaling: Strength D.",Noroi până la gleznă și nimic din el de pe acest etaj. Scoase din groapa curții și niciodată curățate cum trebuie. Scalare: Forță D.
CONTENT_PITIRON_HELM_NAME,Pit-Iron Helm,Coif de Fier de Groapă
CONTENT_PITIRON_HELM_DESCRIPTION,"The visor is dented inward. It was not removed in time. Dug out of the courtyard pit and never properly cleaned. Scaling: Strength D.",Viziera e îndoită spre interior. Nu a fost scoasă la timp. Scos din groapa curții și niciodată curățat cum trebuie. Scalare: Forță D.
CONTENT_PITIRON_LONGSWORD_NAME,Pit-Iron Longsword,Sabie Lungă de Fier de Groapă
CONTENT_PITIRON_LONGSWORD_DESCRIPTION,"Long enough to keep a stranger honest. Dug out of the courtyard pit and never properly cleaned. Scaling: Strength C, Dexterity C.",Destul de lungă pentru a ține un străin cinstit. Scoasă din groapa curții și niciodată curățată cum trebuie. Scalare: Forță C Dexteritate C.
CONTENT_PITIRON_SHORTSWORD_NAME,Pit-Iron Shortsword,Sabie Scurtă de Fier de Groapă
CONTENT_PITIRON_SHORTSWORD_DESCRIPTION,"Issued by the hundred, buried by the hundred. Dug out of the courtyard pit and never properly cleaned. Scaling: Strength C, Dexterity C.",Emisă cu sutele îngropată cu sutele. Scoasă din groapa curții și niciodată curățată cum trebuie. Scalare: Forță C Dexteritate C.
CONTENT_PITIRON_SPEAR_NAME,Pit-Iron Spear,Suliță de Fier de Groapă
CONTENT_PITIRON_SPEAR_DESCRIPTION,"The oldest argument for keeping your distance. Dug out of the courtyard pit and never properly cleaned. Scaling: Strength D, Dexterity B.",Cel mai vechi argument pentru a-ți păstra distanța. Scoasă din groapa curții și niciodată curățată cum trebuie. Scalare: Forță D Dexteritate B.
CONTENT_PITIRON_WARAXE_NAME,Pit-Iron War Axe,Topor de Război din Fier de Groapă
CONTENT_PITIRON_WARAXE_DESCRIPTION,"It began as a tool. Nobody remembers for what. Dug out of the courtyard pit and never properly cleaned. Scaling: Strength B, Dexterity D.",A început ca unealtă. Nimeni nu-și amintește pentru ce. Scos din groapa curții și niciodată curățat cum trebuie. Scalare: Forță B Dexteritate D.
CONTENT_RELIQUARY_BAND_NAME,Reliquary Band,Inel Reliquar
CONTENT_RELIQUARY_BAND_DESCRIPTION,"Sized for a finger that is no longer attached to anyone. Melted down from offering plate. Nobody asked the congregation.",Potrivit pentru un deget care nu mai aparține nimănui. Topit din plăci de ofrandă. Nimeni nu a întrebat congregația.
CONTENT_RELIQUARY_CUIRASS_NAME,Reliquary Cuirass,Cuirasă Reliquar
CONTENT_RELIQUARY_CUIRASS_DESCRIPTION,"Straps replaced more often than the plate they hold. Melted down from offering plate. Nobody asked the congregation. Scaling: Strength C.",Curele înlocuite mai des decât plăcile pe care le țin. Topită din plăci de ofrandă. Nimeni nu a întrebat congregația. Scalare: Forță C.
CONTENT_RELIQUARY_GAUNTLETS_NAME,Reliquary Gauntlets,Mănuși Reliquar
CONTENT_RELIQUARY_GAUNTLETS_DESCRIPTION,"Worn thin at the knuckles, thick everywhere else. Melted down from offering plate. Nobody asked the congregation. Scaling: Strength D.",Uzate subțire la încheieturi groase peste tot în rest. Topite din plăci de ofrandă. Nimeni nu a întrebat congregația. Scalare: Forță D.
CONTENT_RELIQUARY_GREATSWORD_NAME,Reliquary Greatsword,Spadă Mare Reliquar
CONTENT_RELIQUARY_GREATSWORD_DESCRIPTION,"Two hands, and a promise not to step back. Melted down from offering plate. Nobody asked the congregation. Scaling: Strength B, Dexterity E.",Două mâini și promisiunea de a nu face un pas înapoi. Topită din plăci de ofrandă. Nimeni nu a întrebat congregația. Scalare: Forță B Dexteritate E.
CONTENT_RELIQUARY_HELM_NAME,Reliquary Helm,Coif Reliquar
CONTENT_RELIQUARY_HELM_DESCRIPTION,"The visor is dented inward. It was not removed in time. Melted down from offering plate. Nobody asked the congregation. Scaling: Strength D.",Viziera e îndoită spre interior. Nu a fost scoasă la timp. Topit din plăci de ofrandă. Nimeni nu a întrebat congregația. Scalare: Forță D.
CONTENT_RELIQUARY_KITESHIELD_NAME,Reliquary Kite Shield,Scut Zmeu Reliquar
CONTENT_RELIQUARY_KITESHIELD_DESCRIPTION,"The heraldry has worn to a shape nobody can name. Melted down from offering plate. Nobody asked the congregation. Scaling: Strength C.",Heraldica s-a uzat până la o formă pe care nimeni nu o poate numi. Topit din plăci de ofrandă. Nimeni nu a întrebat congregația. Scalare: Forță C.
CONTENT_RELIQUARY_LONGSWORD_NAME,Reliquary Longsword,Sabie Lungă Reliquar
CONTENT_RELIQUARY_LONGSWORD_DESCRIPTION,"Long enough to keep a stranger honest. Melted down from offering plate. Nobody asked the congregation. Scaling: Strength C, Dexterity C.",Destul de lungă pentru a ține un străin cinstit. Topită din plăci de ofrandă. Nimeni nu a întrebat congregația. Scalare: Forță C Dexteritate C.
CONTENT_RELIQUARY_PENDANT_NAME,Reliquary Pendant,Pandantiv Reliquar
CONTENT_RELIQUARY_PENDANT_DESCRIPTION,"The chain is newer than the stone by several centuries. Melted down from offering plate. Nobody asked the congregation.",Lanțul e mai nou decât piatra cu câteva secole. Topit din plăci de ofrandă. Nimeni nu a întrebat congregația.
CONTENT_RELIQUARY_RAPIER_NAME,Reliquary Rapier,Rapieră Reliquar
CONTENT_RELIQUARY_RAPIER_DESCRIPTION,"A duelling blade, in a place that stopped keeping duels. Melted down from offering plate. Nobody asked the congregation. Scaling: Strength D, Dexterity B.",O lamă de duel într-un loc care a încetat să mai țină dueluri. Topită din plăci de ofrandă. Nimeni nu a întrebat congregația. Scalare: Forță D Dexteritate B.
CONTENT_RELIQUARY_SPEAR_NAME,Reliquary Spear,Suliță Reliquar
CONTENT_RELIQUARY_SPEAR_DESCRIPTION,"The oldest argument for keeping your distance. Melted down from offering plate. Nobody asked the congregation. Scaling: Strength D, Dexterity B.",Cel mai vechi argument pentru a-ți păstra distanța. Topită din plăci de ofrandă. Nimeni nu a întrebat congregația. Scalare: Forță D Dexteritate B.
CONTENT_RELIQUARY_STAFF_NAME,Reliquary Staff,Toiag Reliquar
CONTENT_RELIQUARY_STAFF_DESCRIPTION,"The wood remembers every word spoken through it. Melted down from offering plate. Nobody asked the congregation. Scaling: Strength E, Arcane A.",Lemnul își amintește fiecare cuvânt rostit prin el. Topit din plăci de ofrandă. Nimeni nu a întrebat congregația. Scalare: Forță E Arcan A.
CONTENT_RELIQUARY_TOWERSHIELD_NAME,Reliquary Tower Shield,Scut Turn Reliquar
CONTENT_RELIQUARY_TOWERSHIELD_DESCRIPTION,"A wall you have to carry. Most people put it down. Melted down from offering plate. Nobody asked the congregation. Scaling: Strength B.",Un zid pe care trebuie să-l porți. Cei mai mulți îl lasă jos. Topit din plăci de ofrandă. Nimeni nu a întrebat congregația. Scalare: Forță B.
CONTENT_SPELLGLASS_BAND_NAME,Spellglass Band,Inel de Sticlă Vrăjită
CONTENT_SPELLGLASS_BAND_DESCRIPTION,"Sized for a finger that is no longer attached to anyone. Grown, not forged. It rings on a note the ear dislikes.",Potrivit pentru un deget care nu mai aparține nimănui. Crescut nu făurit. Sună pe o notă pe care urechea o urăște.
CONTENT_SPELLGLASS_BUCKLER_NAME,Spellglass Buckler,Pavăză de Sticlă Vrăjită
CONTENT_SPELLGLASS_BUCKLER_DESCRIPTION,"Too small to hide behind. Large enough to turn one blow. Grown, not forged. It rings on a note the ear dislikes. Scaling: Strength D.",Prea mică pentru a te ascunde în spatele ei. Destul de mare pentru a întoarce o lovitură. Crescută nu făurită. Sună pe o notă pe care urechea o urăște. Scalare: Forță D.
CONTENT_SPELLGLASS_CUIRASS_NAME,Spellglass Cuirass,Cuirasă de Sticlă Vrăjită
CONTENT_SPELLGLASS_CUIRASS_DESCRIPTION,"Straps replaced more often than the plate they hold. Grown, not forged. It rings on a note the ear dislikes. Scaling: Strength C.",Curele înlocuite mai des decât plăcile pe care le țin. Crescută nu făurită. Sună pe o notă pe care urechea o urăște. Scalare: Forță C.
CONTENT_SPELLGLASS_DAGGER_NAME,Spellglass Dagger,Pumnal de Sticlă Vrăjită
CONTENT_SPELLGLASS_DAGGER_DESCRIPTION,"Short enough to carry where blades are forbidden. Grown, not forged. It rings on a note the ear dislikes. Scaling: Strength E, Dexterity B.",Destul de scurt pentru a fi purtat unde lamele sunt interzise. Crescut nu făurit. Sună pe o notă pe care urechea o urăște. Scalare: Forță E Dexteritate B.
CONTENT_SPELLGLASS_GAUNTLETS_NAME,Spellglass Gauntlets,Mănuși de Sticlă Vrăjită
CONTENT_SPELLGLASS_GAUNTLETS_DESCRIPTION,"Worn thin at the knuckles, thick everywhere else. Grown, not forged. It rings on a note the ear dislikes. Scaling: Strength D.",Uzate subțire la încheieturi groase peste tot în rest. Crescute nu făurite. Sună pe o notă pe care urechea o urăște. Scalare: Forță D.
CONTENT_SPELLGLASS_GREATSWORD_NAME,Spellglass Greatsword,Spadă Mare de Sticlă Vrăjită
CONTENT_SPELLGLASS_GREATSWORD_DESCRIPTION,"Two hands, and a promise not to step back. Grown, not forged. It rings on a note the ear dislikes. Scaling: Strength B, Dexterity E.",Două mâini și promisiunea de a nu face un pas înapoi. Crescută nu făurită. Sună pe o notă pe care urechea o urăște. Scalare: Forță B Dexteritate E.
CONTENT_SPELLGLASS_GREAVES_NAME,Spellglass Greaves,Greave de Sticlă Vrăjită
CONTENT_SPELLGLASS_GREAVES_DESCRIPTION,"Mud to the ankle, and none of it from this floor. Grown, not forged. It rings on a note the ear dislikes. Scaling: Strength D.",Noroi până la gleznă și nimic din el de pe acest etaj. Crescute nu făurite. Sună pe o notă pe care urechea o urăște. Scalare: Forță D.
CONTENT_SPELLGLASS_HELM_NAME,Spellglass Helm,Coif de Sticlă Vrăjită
CONTENT_SPELLGLASS_HELM_DESCRIPTION,"The visor is dented inward. It was not removed in time. Grown, not forged. It rings on a note the ear dislikes. Scaling: Strength D.",Viziera e îndoită spre interior. Nu a fost scoasă la timp. Crescut nu făurit. Sună pe o notă pe care urechea o urăște. Scalare: Forță D.
CONTENT_SPELLGLASS_KITESHIELD_NAME,Spellglass Kite Shield,Scut Zmeu de Sticlă Vrăjită
CONTENT_SPELLGLASS_KITESHIELD_DESCRIPTION,"The heraldry has worn to a shape nobody can name. Grown, not forged. It rings on a note the ear dislikes. Scaling: Strength C.",Heraldica s-a uzat până la o formă pe care nimeni nu o poate numi. Crescut nu făurit. Sună pe o notă pe care urechea o urăște. Scalare: Forță C.
CONTENT_SPELLGLASS_LONGBOW_NAME,Spellglass Longbow,Arc Lung de Sticlă Vrăjită
CONTENT_SPELLGLASS_LONGBOW_DESCRIPTION,"A stave taller than the archer, and older. Grown, not forged. It rings on a note the ear dislikes. Scaling: Strength D, Dexterity A.",O tijă mai înaltă decât arcașul și mai veche. Crescut nu făurit. Sună pe o notă pe care urechea o urăște. Scalare: Forță D Dexteritate A.
CONTENT_SPELLGLASS_LONGSWORD_NAME,Spellglass Longsword,Sabie Lungă de Sticlă Vrăjită
CONTENT_SPELLGLASS_LONGSWORD_DESCRIPTION,"Long enough to keep a stranger honest. Grown, not forged. It rings on a note the ear dislikes. Scaling: Strength C, Dexterity C.",Destul de lungă pentru a ține un străin cinstit. Crescută nu făurită. Sună pe o notă pe care urechea o urăște. Scalare: Forță C Dexteritate C.
CONTENT_SPELLGLASS_PENDANT_NAME,Spellglass Pendant,Pandantiv de Sticlă Vrăjită
CONTENT_SPELLGLASS_PENDANT_DESCRIPTION,"The chain is newer than the stone by several centuries. Grown, not forged. It rings on a note the ear dislikes.",Lanțul e mai nou decât piatra cu câteva secole. Crescut nu făurit. Sună pe o notă pe care urechea o urăște.
CONTENT_SPELLGLASS_RAPIER_NAME,Spellglass Rapier,Rapieră de Sticlă Vrăjită
CONTENT_SPELLGLASS_RAPIER_DESCRIPTION,"A duelling blade, in a place that stopped keeping duels. Grown, not forged. It rings on a note the ear dislikes. Scaling: Strength D, Dexterity B.",O lamă de duel într-un loc care a încetat să mai țină dueluri. Crescută nu făurită. Sună pe o notă pe care urechea o urăște. Scalare: Forță D Dexteritate B.
CONTENT_SPELLGLASS_STAFF_NAME,Spellglass Staff,Toiag de Sticlă Vrăjită
CONTENT_SPELLGLASS_STAFF_DESCRIPTION,"The wood remembers every word spoken through it. Grown, not forged. It rings on a note the ear dislikes. Scaling: Strength E, Arcane A.",Lemnul își amintește fiecare cuvânt rostit prin el. Crescut nu făurit. Sună pe o notă pe care urechea o urăște. Scalare: Forță E Arcan A.
CONTENT_SPELLGLASS_TOWERSHIELD_NAME,Spellglass Tower Shield,Scut Turn de Sticlă Vrăjită
CONTENT_SPELLGLASS_TOWERSHIELD_DESCRIPTION,"A wall you have to carry. Most people put it down. Grown, not forged. It rings on a note the ear dislikes. Scaling: Strength B.",Un zid pe care trebuie să-l porți. Cei mai mulți îl lasă jos. Crescut nu făurit. Sună pe o notă pe care urechea o urăște. Scalare: Forță B.
CONTENT_MIREBRASS_BAND_NAME,Mirebrass Band,Inel de Alamă de Mlaștină
CONTENT_MIREBRASS_BAND_DESCRIPTION,Sized for a finger that is no longer attached to anyone. Green to the touch. The swamp finished it for the smith.,Potrivit pentru un deget care nu mai aparține nimănui. Verde la atingere. Mlaștina l-a terminat pentru fierar.
CONTENT_MIREBRASS_BUCKLER_NAME,Mirebrass Buckler,Pavăză de Alamă de Mlaștină
CONTENT_MIREBRASS_BUCKLER_DESCRIPTION,"Too small to hide behind. Large enough to turn one blow. Green to the touch. The swamp finished it for the smith. Scaling: Strength D.",Prea mică pentru a te ascunde în spatele ei. Destul de mare pentru a întoarce o lovitură. Verde la atingere. Mlaștina a terminat-o pentru fierar. Scalare: Forță D.
CONTENT_MIREBRASS_CUIRASS_NAME,Mirebrass Cuirass,Cuirasă de Alamă de Mlaștină
CONTENT_MIREBRASS_CUIRASS_DESCRIPTION,"Straps replaced more often than the plate they hold. Green to the touch. The swamp finished it for the smith. Scaling: Strength C.",Curele înlocuite mai des decât plăcile pe care le țin. Verde la atingere. Mlaștina a terminat-o pentru fierar. Scalare: Forță C.
CONTENT_MIREBRASS_DAGGER_NAME,Mirebrass Dagger,Pumnal de Alamă de Mlaștină
CONTENT_MIREBRASS_DAGGER_DESCRIPTION,"Short enough to carry where blades are forbidden. Green to the touch. The swamp finished it for the smith. Scaling: Strength E, Dexterity B.",Destul de scurt pentru a fi purtat unde lamele sunt interzise. Verde la atingere. Mlaștina l-a terminat pentru fierar. Scalare: Forță E Dexteritate B.
CONTENT_MIREBRASS_GREAVES_NAME,Mirebrass Greaves,Greave de Alamă de Mlaștină
CONTENT_MIREBRASS_GREAVES_DESCRIPTION,"Mud to the ankle, and none of it from this floor. Green to the touch. The swamp finished it for the smith. Scaling: Strength D.",Noroi până la gleznă și nimic din el de pe acest etaj. Verde la atingere. Mlaștina le-a terminat pentru fierar. Scalare: Forță D.
CONTENT_MIREBRASS_HELM_NAME,Mirebrass Helm,Coif de Alamă de Mlaștină
CONTENT_MIREBRASS_HELM_DESCRIPTION,"The visor is dented inward. It was not removed in time. Green to the touch. The swamp finished it for the smith. Scaling: Strength D.",Viziera e îndoită spre interior. Nu a fost scoasă la timp. Verde la atingere. Mlaștina l-a terminat pentru fierar. Scalare: Forță D.
CONTENT_MIREBRASS_PENDANT_NAME,Mirebrass Pendant,Pandantiv de Alamă de Mlaștină
CONTENT_MIREBRASS_PENDANT_DESCRIPTION,The chain is newer than the stone by several centuries. Green to the touch. The swamp finished it for the smith.,Lanțul e mai nou decât piatra cu câteva secole. Verde la atingere. Mlaștina l-a terminat pentru fierar.
CONTENT_MIREBRASS_RAPIER_NAME,Mirebrass Rapier,Rapieră de Alamă de Mlaștină
CONTENT_MIREBRASS_RAPIER_DESCRIPTION,"A duelling blade, in a place that stopped keeping duels. Green to the touch. The swamp finished it for the smith. Scaling: Strength D, Dexterity B.",O lamă de duel într-un loc care a încetat să mai țină dueluri. Verde la atingere. Mlaștina a terminat-o pentru fierar. Scalare: Forță D Dexteritate B.
CONTENT_MIREBRASS_SHORTBOW_NAME,Mirebrass Shortbow,Arc Scurt de Alamă de Mlaștină
CONTENT_MIREBRASS_SHORTBOW_DESCRIPTION,"Drawn quickly, because the dark closes quickly. Green to the touch. The swamp finished it for the smith. Scaling: Strength E, Dexterity A.",Întins repede fiindcă întunericul se închide repede. Verde la atingere. Mlaștina l-a terminat pentru fierar. Scalare: Forță E Dexteritate A.
CONTENT_MIREBRASS_SPEAR_NAME,Mirebrass Spear,Suliță de Alamă de Mlaștină
CONTENT_MIREBRASS_SPEAR_DESCRIPTION,"The oldest argument for keeping your distance. Green to the touch. The swamp finished it for the smith. Scaling: Strength D, Dexterity B.",Cel mai vechi argument pentru a-ți păstra distanța. Verde la atingere. Mlaștina a terminat-o pentru fierar. Scalare: Forță D Dexteritate B.
CONTENT_MIREBRASS_STAFF_NAME,Mirebrass Staff,Toiag de Alamă de Mlaștină
CONTENT_MIREBRASS_STAFF_DESCRIPTION,"The wood remembers every word spoken through it. Green to the touch. The swamp finished it for the smith. Scaling: Strength E, Arcane A.",Lemnul își amintește fiecare cuvânt rostit prin el. Verde la atingere. Mlaștina l-a terminat pentru fierar. Scalare: Forță E Arcan A.
CONTENT_UNIQUE_AUMBRAL_VERDICT_NAME,Aumbral Verdict,Verdict Umbral
CONTENT_UNIQUE_AUMBRAL_VERDICT_DESCRIPTION,The sentence was passed in a room with no windows and carried out immediately.,Sentința a fost dată într-o cameră fără ferestre și executată imediat.
CONTENT_UNIQUE_BOG_OATH_NAME,Bog-Oath,Jurământ de Mlaștină
CONTENT_UNIQUE_BOG_OATH_DESCRIPTION,Bound with reed cord swollen tight. Cutting it would take longer than the fight.,Legat cu sfoară de stuf umflată strâns. Tăierea ei ar dura mai mult decât lupta.
CONTENT_UNIQUE_CAVERNLIGHT_HELM_NAME,Cavernlight Helm,Coif cu Lumină de Peșteră
CONTENT_UNIQUE_CAVERNLIGHT_HELM_DESCRIPTION,Set with a shard that lights nothing but shows the wearer where the walls are.,Împodobit cu o așchie care nu luminează nimic dar îi arată purtătorului unde sunt zidurile.
CONTENT_UNIQUE_CENSER_OF_SMALL_MERCIES_NAME,Censer of Small Mercies,Cădelnița Micilor Îndurări
CONTENT_UNIQUE_CENSER_OF_SMALL_MERCIES_DESCRIPTION,"Swung down the aisle for the dying, never for the dead. The distinction mattered to someone.",Legănată pe culoar pentru muribunzi niciodată pentru morți. Distincția a contat pentru cineva.
CONTENT_UNIQUE_CHOIRLESS_HELM_NAME,Choirless Helm,Coif Fără Cor
CONTENT_UNIQUE_CHOIRLESS_HELM_DESCRIPTION,Lined to muffle sound. The wearer had already heard the choir once.,Căptușit pentru a înăbuși sunetul. Purtătorul auzise deja corul o dată.
CONTENT_UNIQUE_CONFESSORS_BURDEN_NAME,Confessor's Burden,Povara Mărturisitorului
CONTENT_UNIQUE_CONFESSORS_BURDEN_DESCRIPTION,He heard everything and carried it on his arm. It grew no lighter.,A auzit totul și a purtat totul pe braț. Nu a devenit mai ușor.
CONTENT_UNIQUE_COURTYARD_VIGIL_NAME,Courtyard Vigil,Vegherea Curții
CONTENT_UNIQUE_COURTYARD_VIGIL_DESCRIPTION,"Propped upright against the well, still angled toward the gate it was set to watch.",Sprijinită în picioare de fântână încă îndreptată către poarta pe care trebuia să o vegheze.
CONTENT_UNIQUE_CROWN_OF_THE_CRYSTAL_SOVEREIGN_NAME,Crown of the Crystal Sovereign,Coroana Suveranului de Cristal
CONTENT_UNIQUE_CROWN_OF_THE_CRYSTAL_SOVEREIGN_DESCRIPTION,Taken from a head that had grown into it. The removal was not clean and was not quick.,Luata de pe un cap care crescuse în ea. Îndepărtarea nu a fost curată și nici rapidă.
CONTENT_UNIQUE_DEBTORS_PENDANT_NAME,Debtor's Pendant,Pandantivul Datornicului
CONTENT_UNIQUE_DEBTORS_PENDANT_DESCRIPTION,"Pawned four times, redeemed three. The fourth ledger entry has no closing mark.",Amanetat de patru ori răscumpărat de trei. A patra intrare din registru nu are semn de închidere.
CONTENT_UNIQUE_DEEP_CUT_NAME,Deep Cut,Tăietură Adâncă
CONTENT_UNIQUE_DEEP_CUT_DESCRIPTION,"The shafts are knapped, not fletched. They go in straight and do not come out.",Tijele sunt cioplite nu împenate. Intră drept și nu mai ies.
CONTENT_UNIQUE_DROWNED_PROCESSION_NAME,Drowned Procession,Procesiunea Înecată
CONTENT_UNIQUE_DROWNED_PROCESSION_DESCRIPTION,"They walked into the fen in single file, carrying one of these each. Nobody counted them out.",Au mers în mlaștină unul câte unul purtând fiecare câte una. Nimeni nu i-a numărat.
CONTENT_UNIQUE_FACET_AND_FRACTURE_NAME,Facet and Fracture,Fațetă și Fractură
CONTENT_UNIQUE_FACET_AND_FRACTURE_DESCRIPTION,"It broke on the first strike and has broken on every strike since, without getting shorter.",S-a spart la prima lovitură și s-a spart la fiecare lovitură de atunci fără să devină mai scurtă.
CONTENT_UNIQUE_FEN_WIDOWS_VEIL_NAME,Fen Widow's Veil,Vălul Văduvei Mlaștinii
CONTENT_UNIQUE_FEN_WIDOWS_VEIL_DESCRIPTION,"Mourning cloth, waxed against the damp. It kept the flies off for a long while.",Pânză de doliu ceruită împotriva umezelii. A ținut muștele departe mult timp.
CONTENT_UNIQUE_FOUNDRY_GAUNTLETS_NAME,Foundry Gauntlets,Mănușile Turnătoriei
CONTENT_UNIQUE_FOUNDRY_GAUNTLETS_DESCRIPTION,The palms are scorched through. The wearer kept working anyway.,Palmele sunt arse până la capăt. Purtătorul a continuat să lucreze oricum.
CONTENT_UNIQUE_FROSTBITTEN_OATH_NAME,Frostbitten Oath,Jurământ Mușcat de Ger
CONTENT_UNIQUE_FROSTBITTEN_OATH_DESCRIPTION,Sworn with a bare hand on cold iron. The hand did not come away whole.,Jurată cu mâna goală pe fier rece. Mâna nu a mai plecat întreagă.
CONTENT_UNIQUE_GATEWARDENS_ANSWER_NAME,The Gatewarden's Answer,Răspunsul Paznicului Porții
CONTENT_UNIQUE_GATEWARDENS_ANSWER_DESCRIPTION,"Every petitioner got the same reply, and it was never spoken aloud.",Fiecare petiționar a primit același răspuns și nu a fost rostit niciodată cu glas tare.
CONTENT_UNIQUE_GLACIER_WATCH_NAME,Glacier Watch,Straja Ghețarului
CONTENT_UNIQUE_GLACIER_WATCH_DESCRIPTION,Set into the drift as a windbreak. Two men sheltered behind it and only the shield was found.,Așezat în nămeți ca apărătoare de vânt. Doi oameni s-au adăpostit în spatele lui și doar scutul a fost găsit.
CONTENT_UNIQUE_HEARTHLESS_CUIRASS_NAME,Hearthless Cuirass,Cuirasa Fără Vatră
CONTENT_UNIQUE_HEARTHLESS_CUIRASS_DESCRIPTION,The fortress kept no fires for the last two winters. The plate learned to be enough.,Fortăreața nu a ținut focuri în ultimele două ierni. Platoșa a învățat să fie de ajuns.
CONTENT_UNIQUE_HEIRLESS_CROWN_NAME,The Heirless Crown,Coroana Fără Moștenitor
CONTENT_UNIQUE_HEIRLESS_CROWN_DESCRIPTION,Cast for a succession that did not occur. The inner band was never sized down.,Turnată pentru o succesiune care nu s-a întâmplat. Banda interioară nu a fost micșorată niciodată.
CONTENT_UNIQUE_INVENTORY_OF_THE_DEAD_NAME,Inventory of the Dead,Inventarul Morților
CONTENT_UNIQUE_INVENTORY_OF_THE_DEAD_DESCRIPTION,"Plate reclaimed from the fallen, restamped, reissued. The old marks show through the new.",Plăci recuperate de la cei căzuți reștanțate și reemise. Semnele vechi se văd prin cele noi.
CONTENT_UNIQUE_IRONMONGERS_PROMISE_NAME,The Ironmonger's Promise,Promisiunea Fierarului
CONTENT_UNIQUE_IRONMONGERS_PROMISE_DESCRIPTION,He swore it would outlast the man who bought it. It has outlasted several.,A jurat că va supraviețui omului care a cumpărat-o. A supraviețuit mai multora.
CONTENT_UNIQUE_LAST_MUSTER_NAME,Last Muster,Ultima Adunare
CONTENT_UNIQUE_LAST_MUSTER_DESCRIPTION,Forty-one names were called that morning. The blade belonged to the one who answered last.,Patruzeci și unu de nume au fost strigate în acea dimineață. Lama a aparținut celui care a răspuns ultimul.
CONTENT_UNIQUE_LATTICE_WARD_NAME,Lattice Ward,Protecție cu Zăbrele
CONTENT_UNIQUE_LATTICE_WARD_DESCRIPTION,"Grown across the doorway of a sealed gallery, then cut free and given a handle.",Crescută peste ușa unei galerii pecetluite apoi tăiată liber și primind un mâner.
CONTENT_UNIQUE_LECTOR_GAUNTLETS_NAME,Lector's Gauntlets,Mănușile Lectorului
CONTENT_UNIQUE_LECTOR_GAUNTLETS_DESCRIPTION,"Ink under the nail beds, permanent. He read aloud for thirty years and was not thanked.",Cerneală sub unghii permanentă. A citit cu glas tare treizeci de ani și nu i s-a mulțumit.
CONTENT_UNIQUE_LEDGER_OF_DEBTS_NAME,Ledger of Debts,Registrul Datoriilor
CONTENT_UNIQUE_LEDGER_OF_DEBTS_DESCRIPTION,A page folded into a locket. The sums are still owed to somebody.,O pagină împăturită într-un medalion. Sumele sunt încă datorate cuiva.
CONTENT_UNIQUE_LEECHBOUND_BAND_NAME,Leechbound Band,Inel Legat de Lipitoare
CONTENT_UNIQUE_LEECHBOUND_BAND_DESCRIPTION,"Worn until the finger beneath went grey, and then worn a while longer.",Purtat până când degetul de dedesubt s-a făcut gri și apoi purtat încă o vreme.
CONTENT_UNIQUE_MIRE_TONGUE_NAME,Mire-Tongue,Limba Mlaștinii
CONTENT_UNIQUE_MIRE_TONGUE_DESCRIPTION,The edge was never sharpened. It did not need to be.,Marginea nu a fost ascuțită niciodată. Nu avea nevoie.
CONTENT_UNIQUE_PRISM_OF_NO_COLOUR_NAME,Prism of No Colour,Prisma Fără Culoare
CONTENT_UNIQUE_PRISM_OF_NO_COLOUR_DESCRIPTION,Light enters it. Something leaves. The two have never been shown to be the same light.,Lumina intră în ea. Ceva iese. Cele două nu au fost arătate niciodată ca fiind aceeași lumină.
CONTENT_UNIQUE_QUARTERMASTERS_TALLY_NAME,The Quartermaster's Tally,Calculul Intendentului
CONTENT_UNIQUE_QUARTERMASTERS_TALLY_DESCRIPTION,"He counted every hammer out and every hammer back. This one he counted twice, then stopped counting.",A numărat fiecare ciocan la plecare și fiecare ciocan la întoarcere. Pe acesta l-a numărat de două ori apoi a încetat să mai numere.
CONTENT_UNIQUE_REFRACTION_GREAVES_NAME,Refraction Greaves,Greave de Refracție
CONTENT_UNIQUE_REFRACTION_GREAVES_DESCRIPTION,You arrive slightly before the sound of arriving. It is not restful.,Ajungi puțin înainte de sunetul sosirii. Nu e liniștitor.
CONTENT_UNIQUE_RELIQUARY_OF_ASH_NAME,Reliquary of Ash,Reliquarul de Cenușă
CONTENT_UNIQUE_RELIQUARY_OF_ASH_DESCRIPTION,The hilt is a reliquary. What it holds was already burned when it was placed inside.,Mânerul este un reliquar. Ce ține fusese deja ars când a fost pus înăuntru.
CONTENT_UNIQUE_RIMEGLASS_PENDANT_NAME,Rimeglass Pendant,Pandantiv de Sticlă de Chiciură
CONTENT_UNIQUE_RIMEGLASS_PENDANT_DESCRIPTION,"Ice that will not thaw, in a setting that was made to hold something else.",Gheață care nu se va dezgheța într-o montură făcută să țină altceva.
CONTENT_UNIQUE_ROT_AND_REMEDY_NAME,Rot and Remedy,Putreziciune și Leac
CONTENT_UNIQUE_ROT_AND_REMEDY_DESCRIPTION,The physician carried both in the same jar and stopped labelling which was which.,Medicul le purta pe amândouă în același borcan și a încetat să eticheteze care era care.
CONTENT_UNIQUE_SALLYPORT_GREAVES_NAME,Sallyport Greaves,Greave de Poartă Laterală
CONTENT_UNIQUE_SALLYPORT_GREAVES_DESCRIPTION,Made for men who had to be outside the wall and back before the horn finished.,Făcute pentru oameni care trebuiau să fie dincolo de zid și înapoi înainte ca cornul să se termine.
CONTENT_UNIQUE_SEALED_REQUISITION_NAME,Sealed Requisition,Rechiziție Pecetluită
CONTENT_UNIQUE_SEALED_REQUISITION_DESCRIPTION,"Requested, approved, never issued. It waited in the vault for the war to come back.",Cerută aprobată niciodată emisă. A așteptat în seif ca războiul să revină.
CONTENT_UNIQUE_SNOWBLIND_NAME,Snowblind,Orbit de Zăpadă
CONTENT_UNIQUE_SNOWBLIND_DESCRIPTION,The archer shot at a shape in the white for an hour. There was no shape.,Arcașul a tras o oră către o formă în alb. Nu era nicio formă.
CONTENT_UNIQUE_STILTWALKERS_GREAVES_NAME,Stiltwalker's Greaves,Greavele Mergătorului pe Picioroange
CONTENT_UNIQUE_STILTWALKERS_GREAVES_DESCRIPTION,The soles are worn flat on the outer edge only. He never once put his heel down.,Tălpile sunt uzate plat doar pe marginea exterioară. Nu și-a pus niciodată călcâiul jos.
CONTENT_UNIQUE_STONEWIFE_BAND_NAME,Stonewife's Band,Inelul Soției de Piatră
CONTENT_UNIQUE_STONEWIFE_BAND_DESCRIPTION,Given at a wedding held during the siege. Both parties kept their promise briefly.,Dăruit la o nuntă ținută în timpul asediului. Ambele părți și-au ținut promisiunea pentru scurt timp.
CONTENT_UNIQUE_THAWING_BAND_NAME,Thawing Band,Inelul Dezghețării
CONTENT_UNIQUE_THAWING_BAND_DESCRIPTION,"Warm to the touch, always, for reasons the wearer preferred not to examine.",Calduț la atingere mereu din motive pe care purtătorul a preferat să nu le cerceteze.
CONTENT_UNIQUE_THE_APOSTATE_NAME,The Apostate,Apostatul
CONTENT_UNIQUE_THE_APOSTATE_DESCRIPTION,"Consecrated, then used against the people who consecrated it. Nobody reconsecrated it.",Sfințit apoi folosit împotriva oamenilor care l-au sfințit. Nimeni nu l-a resfințit.
CONTENT_UNIQUE_THE_GEODES_PATIENCE_NAME,The Geode's Patience,Răbdarea Geodei
CONTENT_UNIQUE_THE_GEODES_PATIENCE_DESCRIPTION,It took nine thousand years to close. It objects to being opened in an afternoon.,I-a luat nouă mii de ani să se închidă. Se împotrivește să fie deschisă într-o după-amiază.
CONTENT_UNIQUE_THE_LONG_WINTER_NAME,The Long Winter,Iarna Lungă
CONTENT_UNIQUE_THE_LONG_WINTER_DESCRIPTION,Drawn once at the start of a season that has not yet ended.,Scoasă o dată la începutul unui anotimp care încă nu s-a sfârșit.
CONTENT_UNIQUE_THE_QUIET_HOUR_NAME,The Quiet Hour,Ora Tăcută
CONTENT_UNIQUE_THE_QUIET_HOUR_DESCRIPTION,"Between the last bell and the first, nothing was permitted to happen. Something did.",Între ultimul clopot și primul nimic nu avea voie să se întâmple. Ceva s-a întâmplat.
CONTENT_UNIQUE_THE_SINGING_STONE_NAME,The Singing Stone,Piatra Cântătoare
CONTENT_UNIQUE_THE_SINGING_STONE_DESCRIPTION,"It is audible only in the last room of a floor, and only to whoever is wearing it.",Se aude numai în ultima cameră a unui etaj și numai pentru cine o poartă.
CONTENT_UNIQUE_THE_UNSAID_PRAYER_NAME,The Unsaid Prayer,Rugăciunea Nespusă
CONTENT_UNIQUE_THE_UNSAID_PRAYER_DESCRIPTION,"The last line was struck out of every copy in the library, in the same hand.",Ultimul rând a fost tăiat din fiecare copie din bibliotecă de aceeași mână.
CONTENT_UNIQUE_VAULTKEEPER_HELM_NAME,Vaultkeeper's Helm,Coiful Păzitorului Seifului
CONTENT_UNIQUE_VAULTKEEPER_HELM_DESCRIPTION,"The eye slits were narrowed with a file, by hand, from the inside.",Fantele pentru ochi au fost îngustate cu o pilă de mână din interior.
CONTENT_UNIQUE_WIDOW_OF_THE_STAIR_NAME,Widow of the Stair,Văduva Scării
CONTENT_UNIQUE_WIDOW_OF_THE_STAIR_DESCRIPTION,She waited on the sixth landing for eleven years. The garrison stopped using that stair.,A așteptat pe al șaselea palier unsprezece ani. Garnizoana a încetat să mai folosească acea scară.
CONTENT_AXE_NAME,War Axe,Topor de Război
CONTENT_BOW_NAME,Hunter Bow,Arcul Vânătorului
CONTENT_CASTLE_SWORD_NAME,Castle Sword,Sabia Castelului
CONTENT_DAGGER_NAME,Rogue Dagger,Pumnalul Nelegiuitului
CONTENT_GREATSWORD_NAME,Iron Greatsword,Spadă Mare de Fier
CONTENT_LONGBOW_NAME,Longbow,Arc Lung
CONTENT_SHORTBOW_NAME,Shortbow,Arc Scurt
CONTENT_SPEAR_NAME,Guard Spear,Sulița Străjerului
CONTENT_STAFF_NAME,Staff,Toiag
CONTENT_SWORD_BASIC_NAME,Basic Sword,Sabie Simplă
CONTENT_ARROW_LINE_NAME,Arrow Slit,Fantă de Săgeți
CONTENT_ARROW_LINE_DESCRIPTION,A corridor is only ever one shot wide.,Un coridor are mereu lățimea unei singure împușcături.
CONTENT_BONE_SNARE_NAME,Bone Snare,Cursă de Oase
CONTENT_BONE_SNARE_DESCRIPTION,Set for something heavier than you. Bring it something heavier.,Pregătită pentru ceva mai greu decât tine. Adu-i ceva mai greu.
CONTENT_COLLAPSING_FLOOR_NAME,Collapsing Floor,Podea Prăbușită
CONTENT_COLLAPSING_FLOOR_DESCRIPTION,"It gives once, for whoever stands on it first.",Cedează o dată pentru oricine stă primul pe ea.
CONTENT_EMBER_GRATE_NAME,Ember Grate,Grătar cu Tăciuni
CONTENT_EMBER_GRATE_DESCRIPTION,Coals kept alive by nobody. They still know their work.,Cărbuni ținuți vii de nimeni. Își știu încă treaba.
CONTENT_FALLING_TRAP_NAME,Falling Block,Bloc Căzător
CONTENT_FALLING_TRAP_DESCRIPTION,The ceiling remembers where the floor is.,Tavanul își amintește unde este podeaua.
CONTENT_FROST_TRAP_NAME,Rimed Pool,Baltă cu Chiciură
CONTENT_FROST_TRAP_DESCRIPTION,Standing water that never finished freezing. Neither will you.,Apă stătătoare care nu a terminat niciodată să înghețe. Nici tu nu vei termina.
CONTENT_GAS_VENT_NAME,Cinder Vent,Orificiu de Cenușă
CONTENT_GAS_VENT_DESCRIPTION,The room breathes out. Do not be downwind of it.,Camera expiră. Nu sta în bătaia vântului ei.
CONTENT_POISON_POOL_NAME,Fouled Pool,Baltă Murdărită
CONTENT_POISON_POOL_DESCRIPTION,The slow kind of drowning.,Felul lent de a te îneca.
CONTENT_ROT_CENSER_NAME,Rot Censer,Cădelnița Putreziciunii
CONTENT_ROT_CENSER_DESCRIPTION,It wakes for the dead first. Stand still and let them find it.,Se trezește mai întâi pentru morți. Stai nemișcat și lasă-i să o găsească.
CONTENT_SHADOW_TRAP_NAME,Umbral Snare,Cursă Umbrală
CONTENT_SHADOW_TRAP_DESCRIPTION,It does not care whose weight it takes. Give it something else to hold.,Nu-i pasă ce greutate ia. Dă-i altceva de ținut.
CONTENT_SPIKE_TRAP_NAME,Spike Trap,Cursă cu Țepi
CONTENT_SPIKE_TRAP_DESCRIPTION,"Old iron, still patient. It answers to weight it has felt before.",Fier vechi încă răbdător. Răspunde greutății pe care a simțit-o înainte.
CONTENT_SWINGING_BLADE_NAME,Pendulum Blade,Lamă Pendul
CONTENT_SWINGING_BLADE_DESCRIPTION,It keeps its own time. Learn the count or lose the arm.,Își ține propriul timp. Învață numărătoarea sau pierde brațul.
CONTENT_ARCANE_NOVA_NAME,Arcane Nova,Novă Arcană
CONTENT_CHARGING_THRUST_NAME,Charging Thrust,Împungere în Asalt
CONTENT_GUARD_BREAK_NAME,Guard Break,Spargerea Gărzii
CONTENT_PIERCING_SHOT_NAME,Piercing Shot,Lovitură Perforantă
CONTENT_REND_NAME,Rend,Sfâșiere
CONTENT_SHADOWSTEP_NAME,Umbralstep,Pas Umbral
CONTENT_STANCE_SLAM_NAME,Stance Slam,Izbitură de Postură
CONTENT_DODGE_NAME,Dodge Tuning,Reglajul Eschivei
CONTENT_DODGE_DESCRIPTION,"Roll proportions per armour weight class. Lighter armour rolls faster and stays invulnerable for a larger fraction of the roll; heavier armour rolls slower, recovers slower and gives up i-frames.",Proporțiile rostogolirii pe clasă de greutate a armurii. Armura mai ușoară se rostogolește mai repede și rămâne invulnerabilă mai mult; armura mai grea se rostogolește mai lent se reface mai lent și renunță la cadrele de invulnerabilitate.
CONTENT_IMPACT_NAME,Impact Feedback,Feedback de Impact
CONTENT_IMPACT_DESCRIPTION,"Hit-stop, camera punch, controller rumble and audio layer per impact class.",Oprire la lovitură impuls al camerei vibrația controlerului și strat audio pentru fiecare clasă de impact.
CONTENT_FIRST_WATCH_TITLE,First Watch,Prima Strajă
CONTENT_CROSSFIRE_TITLE,Crossfire,Foc Încrucișat
CONTENT_CLAIMED_GROUND_TITLE,Claimed Ground,Pământ Revendicat
CONTENT_LONG_BREATH_TITLE,The Long Breath,Răsuflarea Lungă
CONTENT_LAST_LIGHT_TITLE,Last Light,Ultima Lumină
CONTENT_BOSS_CASTLE_KNIGHT_TITLE,Knight of the Forgotten Gate,Cavalerul Porții Uitării
CONTENT_BOSS_CATHEDRAL_HOLLOW_TITLE,The Hollow In The Nave,Golul din Navă
CONTENT_BOSS_CRYSTAL_SOVEREIGN_TITLE,Sovereign Of The Slow Growth,Suveranul Creșterii Lente
CONTENT_BOSS_FROST_WARLORD_TITLE,Warlord Of The Long Winter,Lordul Războiului Iernii Lungi
CONTENT_BOSS_SWAMP_DEVOURER_TITLE,The Devourer In The Reeds,Devoratorul din Stuf
CONTENT_FINAL_BOSS_FORGOTTEN_CASTLE_TITLE,The Last Warden,Ultimul Străjer
CONTENT_GLACIAL_WARDEN_TITLE,Last Of The Long Watch,Ultimul din Straja Lungă
CONTENT_IRON_CONCLAVE_TITLE,Assembly That Never Adjourned,Adunarea Care Nu s-a Încheiat Niciodată
CONTENT_MINIBOSS_CASTLE_CAPTAIN_TITLE,Captain Of An Empty Watch,Căpitanul unei Străji Goale
CONTENT_MINIBOSS_CATHEDRAL_BELL_TITLE,The Bell That Was Not Rung,Clopotul Care Nu a Sunat
CONTENT_MINIBOSS_CRYSTAL_GUARDIAN_TITLE,Guardian Of A Vault Long Emptied,Gardianul unui Seif Gol de Mult
CONTENT_MINIBOSS_FROST_CASTELLAN_TITLE,Castellan Of A Gate That Never Thawed,Castelanul unei Porți Care Nu s-a Dezghețat Niciodată
CONTENT_PRISM_CHOIRMASTER_TITLE,Keeper Of A Silent Choir,Păzitorul unui Cor Tăcut
CONTENT_SWAMP_HYDRA_TITLE,The Hydra Of Still Water,Hidra Apei Stătătoare
CONTENT_UMBRAL_HIERARCH_TITLE,Last To Leave The Chapel,Ultimul care a Părăsit Capela
CONTENT_VENOM_MIREHEART_TITLE,What The Water Grew Around,Ceea ce a Crescut Apa Împrejur
CONTENT_CRYSTAL_GUARDIAN_TITLE,Warden Of The Slow Growth,Străjerul Creșterii Lente
CONTENT_GLACIAL_ANCHORITE_TITLE,Walled In By Choice,Zidit Din Proprie Alegere
CONTENT_IRON_FOREMAN_TITLE,Keeper Of The Shift,Păzitorul Schimbului
CONTENT_IRON_SENTINEL_TITLE,Sealed In Its Post,Pecetluită la Postul Ei
CONTENT_PRISM_CANTOR_TITLE,Voice In The Glass,Vocea din Sticlă
CONTENT_SWAMP_HAG_TITLE,The Hag Who Stayed,Baba Care a Rămas
CONTENT_UMBRAL_CONFESSOR_TITLE,Hearing An Empty Booth,Ascultând un Jilț Gol
CONTENT_VENOM_MATRON_TITLE,Mother Of The Drift,Mama Nămeților
HUB_SERVICE_ROUTE_TITLE,PREPARATION ROUTE,RUTA DE PREGĂTIRE
HUB_SERVICE_ROUTE_RECOVERED,Recovered at the gate · Blacksmith → Storage → Portal,Refăcut la poartă · Fierar → Depozit → Portal
HUB_SERVICE_ROUTE_CLEAR,No service action is pending. Leave when ready.,Nicio acțiune de serviciu nu este în așteptare. Pleacă atunci când ești gata.
HUB_SERVICE_ROUTE_READY,All services are optional before your next expedition.,Toate serviciile sunt opționale înaintea următoarei expediții.
HUB_SERVICE_BLACKSMITH,Blacksmith,Fierar
HUB_SERVICE_STORAGE,Storage,Depozit
HUB_SERVICE_BLACKSMITH_READY,Blacksmith: {count} ready,Fierar: {count} pregătite
HUB_SERVICE_STORAGE_FULL,Storage: inventory full,Depozit: inventar plin
